code,name,furigana,webId,homepageUrl,colorR,colorG,colorB
K23000012,旭川医科大学,あさひかわいかだいがく,asahikawa-med,https://www.asahikawa-med.ac.jp/,0,153,0
K23000023,小樽商科大学,おたるしょうかだいがく,otaru-uc,https://www.otaru-uc.ac.jp/,128,0,0
K23000034,帯広畜産大学,おびひろちくさんだいがく,obihiro,https://www.obihiro.ac.jp/,34,87,48
K23000045,北見工業大学,きたみこうぎょうだいがく,kitami-it,https://www.kitami-it.ac.jp/,0,102,204
K23000056,北海道大学,ほっかいどうだいがく,hokudai,https://www.hokudai.ac.jp/,0,102,51
K23000067,北海道教育大学,ほっかいどうきょういくだいがく,hokkyodai,https://www.hokkyodai.ac.jp/,0,91,171
K23000078,室蘭工業大学,むろらんこうぎょうだいがく,muroran-it,https://muroran-it.ac.jp/,0,128,0
K23000089,釧路公立大学,くしろこうりつだいがく,kushiro-pu,https://www.kushiro-pu.ac.jp/,0,0,204
K23000090,公立はこだて未来大学,こうりつはこだてみらいだいがく,fun,https://www.fun.ac.jp/,204,0,0
K23000104,札幌医科大学,さっぽろいかだいがく,sapmed,https://web.sapmed.ac.jp/,128,0,0
K23000115,札幌市立大学,さっぽろしりつだいがく,scu,https://www.scu.ac.jp/,255,204,0
K23000126,名寄市立大学,なよろしりつだいがく,nayoro,https://www.nayoro.ac.jp/,,,
K23000137,旭川大学,あさひかわだいがく,asahikawa-u,https://www.asahikawa-u.ac.jp/,,,
K23000148,札幌大学,さっぽろだいがく,sapporo-u,https://www.sapporo-u.ac.jp/,,,
K23000159,札幌大谷大学,さっぽろおおたにだいがく,sapporo-otani,https://www.sapporo-otani.ac.jp/,,,
K23000160,札幌学院大学,さっぽろがくいんだいがく,sgu,https://www.sgu.ac.jp/,250,201,35
K23000171,札幌国際大学,さっぽろこくさいだいがく,siu,https://www.siu.ac.jp/,,,
K23000182,星槎大学,せいさだいがく,seisa,https://seisa.ac.jp/,,,
K23000193,千歳科学技術大学,ちとせかがくぎじゅつだいがく,chitose,https://www.chitose.ac.jp/,,,
K23000207,天使大学,てんしだいがく,tenshi,https://www.tenshi.ac.jp/,,,
K23000218,星槎道都大学,せいさどうとだいがく,seisadohto,https://www.seisadohto.ac.jp/,,,
K23000229,北洋大学,ほくようだいがく,hokuyo,https://hokuyo.ac.jp/,,,
K23000230,日本赤十字北海道看護大学,にほんせきじゅうじほっかいどうかんごだいがく,rchokkaido-cn,https://www.rchokkaido-cn.ac.jp/,,,
K23000241,函館大学,はこだてだいがく,hakodate-u,https://www.hakodate-u.ac.jp/,,,
K23000252,藤女子大学,ふじじょしだいがく,fujijoshi,https://www.fujijoshi.ac.jp/,,,
K23000263,北翔大学,ほくしょうだいがく,hokusho-u,https://www.hokusho-u.ac.jp/,,,
K23000274,北星学園大学,ほくせいがくえんだいがく,hokusei,https://www.hokusei.ac.jp/,0,91,171
K23000285,北海学園大学,ほっかいがくえんだいがく,hgu,https://www.hgu.jp/,50,40,90
K23000296,北海商科大学,ほっかいしょうかだいがく,hokkai,https://www.hokkai.ac.jp/,,,
K23000300,北海道医療大学,ほっかいどういりょうだいがく,hoku-iryo-u,https://www.hoku-iryo-u.ac.jp/,,,
K23000311,北海道科学大学,ほっかいどうかがくだいがく,hus,https://www.hus.ac.jp/,,,
K23000322,北海道情報大学,ほっかいどうじょうほうだいがく,do-johodai,https://www.do-johodai.ac.jp/,,,
K23000344,北海道文教大学,ほっかいどうぶんきょうだいがく,do-bunkyodai,https://www.do-bunkyodai.ac.jp/,,,
K23000366,酪農学園大学,らくのうがくえんだいがく,rakuno,https://www.rakuno.ac.jp/,0,128,0
K23000377,育英館大学,いくえいかんだいがく,ikueikan,https://www.ikueikan.ac.jp/,,,
K23000388,弘前大学,ひろさきだいがく,hirosaki-u,https://www.hirosaki-u.ac.jp/,,,
K23000399,青森県立保健大学,あおもりけんりつほけんだいがく,auhw,https://www.auhw.ac.jp/,,,
K23000403,青森公立大学,あおもりこうりつだいがく,nebuta,https://www.nebuta.ac.jp/,0,153,102
K23000414,青森大学,あおもりだいがく,aomori-u,https://www.aomori-u.ac.jp/,,,
K23000425,青森中央学院大学,あおもりちゅうおうがくいんだいがく,aomoricgu,https://www.aomoricgu.ac.jp/,,,
K23000436,柴田学園大学,しばたがくえんだいがく,shibata,https://univ.shibata.ac.jp/,,,
K23000447,八戸学院大学,はちのへがくいんだいがく,hachinohe-u,https://www.hachinohe-u.ac.jp/,,,
K23000458,八戸工業大学,はちのへこうぎょうだいがく,hi-tech,https://www.hi-tech.ac.jp/,,,
K23000469,弘前学院大学,ひろさきがくいんだいがく,hirogaku,https://www.hirogaku.ac.jp/,,,
K23000470,岩手大学,いわてだいがく,iwate-u,https://www.iwate-u.ac.jp/,0,153,102
K23000481,岩手県立大学,いわてけんりつだいがく,iwate-pu,https://www.iwate-pu.ac.jp/,0,0,204
K23000492,岩手医科大学,いわていかだいがく,iwate-med,https://www.iwate-med.ac.jp/,,,
K23000506,富士大学,ふじだいがく,fuji-u,https://www.fuji-u.ac.jp/,,,
K23000517,盛岡大学,もりおかだいがく,morioka-u,https://morioka-u.ac.jp/,,,
K23000528,東北大学,とうほくだいがく,tohoku,https://www.tohoku.ac.jp/japanese/,104,49,141
K23000539,宮城教育大学,みやぎきょういくだいがく,miyakyo-u,https://www.miyakyo-u.ac.jp/,0,128,0
K23000540,宮城大学,みやぎだいがく,myu,https://www.myu.ac.jp/,0,128,0
K23000551,石巻専修大学,,,,,,
K23000562,尚絅学院大学,しょうけいがくいんだいがく,shokei,https://www.shokei.jp/,,,
K23000573,仙台大学,せんだいだいがく,sendaidaigaku,https://sendaidaigaku.jp/,,,
K23000584,仙台白百合女子大学,せんだいしらゆりじょしだいがく,sendai-shirayuri,https://sendai-shirayuri.ac.jp/,,,
K23000595,東北学院大学,とうほくがくいんだいがく,tohoku-gakuin,https://www.tohoku-gakuin.ac.jp/,0,91,171
K23000609,東北工業大学,とうほくこうぎょうだいがく,tohtech,https://www.tohtech.ac.jp/,,,
K23000610,東北生活文化大学,とうほくせいかつぶんかだいがく,mishima,https://www.mishima.ac.jp/tsb/,,,
K23000621,東北福祉大学,とうほくふくしだいがく,tfu,https://www.tfu.ac.jp/,101,64,98
K23000632,東北文化学園大学,とうほくぶんかがくえんだいがく,tbgu,https://www.tbgu.ac.jp/,,,
K23000643,東北医科薬科大学,とうほくいかやっかだいがく,tohoku-mpu,https://www.tohoku-mpu.ac.jp/,,,
K23000654,宮城学院女子大学,みやぎがくいんじょしだいがく,mgu,https://www.mgu.ac.jp/,128,0,0
K23000665,秋田大学,あきただいがく,akita-u,https://www.akita-u.ac.jp/honbu/,0,128,64
K23000676,秋田県立大学,あきたけんりつだいがく,akita-pu,https://www.akita-pu.ac.jp/,0,102,204
K23000687,国際教養大学,こくさいきょうようだいがく,aiu,https://web.aiu.ac.jp/,0,128,0
K23000698,秋田看護福祉大学,あきたかんごふくしだいがく,well,https://www.well.ac.jp/,,,
K23000702,ノースアジア大学,のーすあじあだいがく,nau,https://www.nau.ac.jp/,,,
K23000713,山形大学,やまがただいがく,yamagata-u,https://www.yamagata-u.ac.jp/jp/,93,123,79
K23000724,山形県立保健医療大学,やまがたけんりつほけんいりょうだいがく,yachts,https://www.yachts.ac.jp/,0,128,0
K23000735,東北芸術工科大学,とうほくげいじゅつこうかだいがく,tuad,https://www.tuad.ac.jp/,,,
K23000746,東北公益文科大学,とうほくこうえきぶんかだいがく,koeki-u,https://www.koeki-u.ac.jp/,,,
K23000747,東北文教大学,とうほくぶんきょうだいがく,t-bunkyo,https://www.t-bunkyo.ac.jp/,,,
K23000757,福島大学,ふくしまだいがく,fukushima-u,https://www.fukushima-u.ac.jp/,0,128,0
K23000768,会津大学,あいづだいがく,u-aizu,https://u-aizu.ac.jp/,0,102,51
K23000779,福島県立医科大学,ふくしまけんりついかだいがく,fmu,https://www.fmu.ac.jp/,0,128,0
K23000780,医療創生大学,いりょうそうせいだいがく,isu,https://www.isu.ac.jp/,,,
K23000791,奥羽大学,おううだいがく,ohu-u,https://www.ohu-u.ac.jp/,,,
K23000805,郡山女子大学,こおりやまじょしだいがく,koriyama-kgc,https://www.koriyama-kgc.ac.jp/,,,
K23000816,東日本国際大学,ひがしにほんこくさいだいがく,shk-ac,https://www.shk-ac.jp/,,,
K23000827,福島学院大学,ふくしまがくいんだいがく,fukushima-college,https://www.fukushima-college.ac.jp/,,,
K23000838,茨城大学,いばらきだいがく,ibaraki,https://www.ibaraki.ac.jp/index.html,0,153,102
K23000849,筑波大学,つくばだいがく,tsukuba,https://www.tsukuba.ac.jp/,104,49,141
K23000850,筑波技術大学,つくばぎじゅつだいがく,tsukuba-tech,https://www.tsukuba-tech.ac.jp/,,,
K23000861,茨城県立医療大学,いばらきけんりついりょうだいがく,ipu,https://www.ipu.ac.jp/,,,
K23000872,茨城キリスト教大学,いばらききりすときょうだいがく,icc,https://www.icc.ac.jp/,,,
K23000883,筑波学院大学,つくばがくいんだいがく,japan-iu,https://www.japan-iu.ac.jp/,,,
K23000894,つくば国際大学,つくばこくさいだいがく,ktt,https://www.ktt.ac.jp/tiu/,,,
K23000908,常磐大学,ときわだいがく,tokiwa,https://www.tokiwa.ac.jp/,,,
K23000919,流通経済大学,りゅうつうけいざいだいがく,rku,https://www.rku.ac.jp/,0,91,171
K23000920,宇都宮大学,うつのみやだいがく,utsunomiya-u,https://www.utsunomiya-u.ac.jp/,153,102,51
K23000931,足利大学,あしかがだいがく,ashikaga,https://ashikaga.ac.jp/,,,
K23000942,国際医療福祉大学,こくさいいりょうふくしだいがく,iuhw,https://www.iuhw.ac.jp/,,,
K23000953,作新学院大学,さくしんがくいんだいがく,sakushin-u,https://www.sakushin-u.ac.jp/,,,
K23000964,自治医科大学,じちいかだいがく,jichi,https://www.jichi.ac.jp/,,,
K23000975,獨協医科大学,どっきょういかだいがく,dokkyomed,https://www.dokkyomed.ac.jp/,,,
K23000986,宇都宮共和大学,うつのみやきょうわだいがく,kyowa-u,https://www.kyowa-u.ac.jp/,,,
K23000997,白鴎大学,はくおうだいがく,hakuoh,https://hakuoh.jp/,,,
K23001002,文星芸術大学,ぶんせいげいじゅつだいがく,bunsei,https://geidai.bunsei.ac.jp/,,,
K23001013,群馬大学,ぐんまだいがく,gunma-u,https://www.gunma-u.ac.jp/,50,40,90
K23001024,群馬県立県民健康科学大学,ぐんまけんりつけんみんけんこうかがくだいがく,gchs,https://www.gchs.ac.jp/,0,0,204
K23001025,秋田公立美術大学,あきたこうりつびじゅつだいがく,akibi,https://www.akibi.ac.jp/,,,
K23001035,群馬県立女子大学,ぐんまけんりつじょしだいがく,gpwu,https://www.gpwu.ac.jp/,128,0,128
K23001046,高崎経済大学,たかさきけいざいだいがく,tcue,https://www.tcue.ac.jp/,36,91,60
K23001057,前橋工科大学,まえばしこうかだいがく,maebashi-it,https://www.maebashi-it.ac.jp/,,,
K23001068,関東学園大学,かんとうがくえんだいがく,kanto-gakuen,https://www.kanto-gakuen.ac.jp/univer/,,,
K23001079,共愛学園前橋国際大学,きょうあいがくえんまえばしこくさいだいがく,kyoai,https://www.kyoai.ac.jp/,,,
K23001080,桐生大学,きりゅうだいがく,kiryu-u,https://www.kiryu-u.ac.jp/,,,
K23001091,群馬医療福祉大学,ぐんまいりょうふくしだいがく,shoken-gakuen,https://www.shoken-gakuen.ac.jp/,,,
K23001105,群馬パース大学,ぐんまぱーすだいがく,paz,https://www.paz.ac.jp/,,,
K23001116,上武大学,じょうぶだいがく,jobu,https://www.jobu.ac.jp/,,,
K23001138,高崎健康福祉大学,たかさきけんこうふくしだいがく,takasaki-u,https://www.takasaki-u.ac.jp/,,,
K23001149,高崎商科大学,たかさきしょうかだいがく,tuc,https://www.tuc.ac.jp/,,,
K23001150,埼玉大学,さいたまだいがく,saitama-u,https://www.saitama-u.ac.jp/,168,191,68
K23001161,埼玉県立大学,さいたまけんりつだいがく,spu,https://www.spu.ac.jp/,0,91,171
K23001172,跡見学園女子大学,あとみがくえんじょしだいがく,atomi,https://www.atomi.ac.jp/,128,0,128
K23001183,浦和大学,うらわだいがく,urawa,https://www.urawa.ac.jp/,,,
K23001208,共栄大学,きょうえいだいがく,kyoei,https://www.kyoei.ac.jp/,,,
K23001219,埼玉医科大学,さいたまいかだいがく,saitama-med,https://www.saitama-med.ac.jp/,,,
K23001220,埼玉学園大学,さいたまがくえんだいがく,saigaku,https://www.saigaku.ac.jp/,,,
K23001231,埼玉工業大学,さいたまこうぎょうだいがく,sit,https://www.sit.ac.jp/,,,
K23001242,十文字学園女子大学,じゅもんじがくえんじょしだいがく,jumonji-u,https://www.jumonji-u.ac.jp/,,,
K23001253,城西大学,じょうさいだいがく,josai,https://www.josai.ac.jp/,255,204,0
K23001264,尚美学園大学,しょうびがくえんだいがく,shobi-u,https://www.shobi-u.ac.jp/,,,
K23001275,女子栄養大学,じょしえいようだいがく,eiyo,https://www.eiyo.ac.jp/,,,
K23001286,駿河台大学,するがだいだいがく,surugadai,https://www.surugadai.ac.jp/,,,
K23001297,聖学院大学,せいがくいんだいがく,seigakuin-univ,https://www.seigakuin-univ.ac.jp/,102,128,51
K23001301,西武文理大学,せいぶぶんりだいがく,bunri-c,https://www.bunri-c.ac.jp/,,,
K23001312,東京国際大学,とうきょうこくさいだいがく,tiu,https://www.tiu.ac.jp/,,,
K23001323,東邦音楽大学,とうほうおんがくだいがく,toho-music,https://www.toho-music.ac.jp/,,,
K23001334,獨協大学,どっきょうだいがく,dokkyo,https://www.dokkyo.ac.jp/,0,91,171
K23001345,日本医療科学大学,にほんいりょうかがくだいがく,nims,https://www.nims.ac.jp/wp/,,,
K23001356,日本工業大学,にっぽんこうぎょうだいがく,nit,https://www.nit.ac.jp/,,,
K23001367,日本薬科大学,にほんやっかだいがく,nichiyaku,https://www.nichiyaku.ac.jp/,,,
K23001378,人間総合科学大学,にんげんそうごうかがくだいがく,human,https://www.human.ac.jp/,,,
K23001389,文教大学,ぶんきょうだいがく,bunkyo,https://www.bunkyo.ac.jp/,0,91,171
K23001390,文京学院大学,ぶんきょうがくいんだいがく,bgu,https://www.bgu.ac.jp/,0,128,0
K23001404,平成国際大学,へいせいこくさいだいがく,hiu,https://www.hiu.ac.jp/,,,
K23001415,武蔵野学院大学,むさしのがくいんだいがく,musashino,https://www.musashino.ac.jp/mgu/,,,
K23001426,目白大学,めじろだいがく,mejiro,https://www.mejiro.ac.jp/,,,
K23001437,ものつくり大学,ものつくりだいがく,iot,https://www.iot.ac.jp/,,,
K23001438,日本保健医療大学,にほんほけんいりょうだいがく,jhsu,https://www.jhsu.ac.jp/,,,
K23001448,千葉大学,ちばだいがく,chiba-u,https://www.chiba-u.ac.jp/,153,0,51
K23001459,愛国学園大学,あいこくがくえんだいがく,aikoku-u,https://aikoku-u.ac.jp/,245,178,178
K23001460,植草学園大学,うえくさがくえんだいがく,uekusa,https://www.uekusa.ac.jp/,,,
K23001471,江戸川大学,えどがわだいがく,edogawa-u,https://www.edogawa-u.ac.jp/,,,
K23001482,川村学園女子大学,かわむらがくえんじょしだいがく,kgwu,https://www.kgwu.ac.jp/,,,
K23001493,神田外語大学,かんだがいごだいがく,kandagaigo,https://www.kandagaigo.ac.jp/kuis/,0,75,150
K23001507,敬愛大学,けいあいだいがく,u-keiai,https://www.u-keiai.ac.jp/,,,
K23001518,国際武道大学,こくさいぶどうだいがく,budo-u,https://www.budo-u.ac.jp/,,,
K23001529,三育学院大学,さんいくがくいんだいがく,saniku,https://saniku.ac.jp/,,,
K23001530,秀明大学,しゅうめいだいがく,shumei-u,https://www.shumei-u.ac.jp/,,,
K23001541,淑徳大学,しゅくとくだいがく,shukutoku,https://www.shukutoku.ac.jp/,,,
K23001552,城西国際大学,じょうさいこくさいだいがく,jiu,https://www.jiu.ac.jp/,,,
K23001563,聖徳大学,せいとくだいがく,seitoku-u,https://www.seitoku-u.ac.jp/,,,
K23001574,清和大学,せいわだいがく,seiwa-univ,https://www.seiwa-univ.ac.jp/,,,
K23001585,千葉科学大学,ちばかがくだいがく,cis,https://www.cis.ac.jp/,,,
K23001596,千葉経済大学,ちばけいざいだいがく,cku,https://www.cku.ac.jp/,,,
K23001600,千葉工業大学,ちばこうぎょうだいがく,chibatech,https://chibatech.jp/,50,40,90
K23001611,千葉商科大学,ちばしょうかだいがく,cuc,https://www.cuc.ac.jp/,0,128,0
K23001622,中央学院大学,ちゅうおうがくいんだいがく,cgu,https://www.cgu.ac.jp/,104,49,141
K23001633,帝京平成大学,ていきょうへいせいだいがく,thu,https://www.thu.ac.jp/,,,
K23001644,東京基督教大学,とうきょうきりすときょうだいがく,tci,https://www.tci.ac.jp/,,,
K23001655,東京歯科大学,とうきょうしかだいがく,tdc,https://www.tdc.ac.jp/,,,
K23001666,東京情報大学,とうきょうじょうほうだいがく,tuis,https://www.tuis.ac.jp/,,,
K23001677,東京成徳大学,とうきょうせいとくだいがく,tsu,https://www.tsu.ac.jp/,,,
K23001688,東洋学園大学,とうようがくえんだいがく,tyg,https://www.tyg.jp/,153,30,50
K23001699,開智国際大学,かいちこくさいだいがく,kaichi,https://www.kaichi.ac.jp/,,,
K23001703,明海大学,めいかいだいがく,meikai,https://www.meikai.ac.jp/,0,91,171
K23001714,麗澤大学,れいたくだいがく,reitaku-u,https://www.reitaku-u.ac.jp/,,,
K23001725,了德寺大学,りょうとくじだいがく,sbctmu,https://www.sbctmu.ac.jp/,,,
K23001736,和洋女子大学,わようじょしだいがく,wayo,https://www.wayo.ac.jp/,,,
K23001747,お茶の水女子大学,おちゃのみずじょしだいがく,ocha,https://www.ocha.ac.jp/,128,0,128
K23001758,政策研究大学院大学,せいさくけんきゅうだいがくいんだいがく,grips,https://www.grips.ac.jp/,102,51,153
K23001769,電気通信大学,でんきつうしんだいがく,uec,https://www.uec.ac.jp/,0,91,171
K23001770,東京大学,とうきょうだいがく,u-tokyo,https://www.u-tokyo.ac.jp/,108,172,228
K23001781,東京医科歯科大学,とうきょういかしかだいがく,tmd,https://www.tmd.ac.jp/,,,
K23001792,東京外国語大学,とうきょうがいこくごだいがく,tufs,https://www.tufs.ac.jp/,226,64,131
K23001806,東京海洋大学,とうきょうかいようだいがく,kaiyodai,https://www.kaiyodai.ac.jp/,0,91,171
K23001817,東京学芸大学,とうきょうがくげいだいがく,u-gakugei,https://www.u-gakugei.ac.jp/,104,49,141
K23001828,東京芸術大学,とうきょうげいじゅつだいがく,geidai,https://www.geidai.ac.jp/,39,58,133
K23001839,東京工業大学,とうきょうかがくだいがく,isct,https://www.isct.ac.jp/ja,0,102,204
K23001840,東京農工大学,とうきょうのうこうだいがく,tuat,https://www.tuat.ac.jp/,0,91,171
K23001851,一橋大学,ひとつばしだいがく,hit-u,https://www.hit-u.ac.jp/,153,0,51
K23001862,産業技術大学院大学,とうきょうとりつさんぎょうぎじゅつだいがくいんだいがく,aiit,https://aiit.ac.jp/,,,
K23001873,東京都立大学,とうきょうとりつだいがく,tmu,https://www.tmu.ac.jp/,0,91,171
K23001884,青山学院大学,あおやまがくいんだいがく,aoyama,https://www.aoyama.ac.jp/,0,102,51
K23001895,亜細亜大学,あじあだいがく,asia-u,https://www.asia-u.ac.jp/,102,204,153
K23001921,桜美林大学,おうびりんだいがく,obirin,https://www.obirin.ac.jp/,128,0,0
K23001932,大妻女子大学,おおつまじょしだいがく,otsuma,https://www.otsuma.ac.jp/,101,64,98
K23001943,大原大学院大学,おおはらだいがくいんだいがく,o-hara,https://www.o-hara.ac.jp/grad/,,,
K23001954,嘉悦大学,かえつだいがく,kaetsu,https://www.kaetsu.ac.jp/,,,
K23001965,学習院大学,がくしゅういんだいがく,gakushuin,https://www.univ.gakushuin.ac.jp/,29,63,126
K23001976,学習院女子大学,,,,,,
K23001987,北里大学,きたさとだいがく,kitasato-u,https://www.kitasato-u.ac.jp/,0,60,113
K23001998,共立女子大学,きょうりつじょしだいがく,kyoritsu-wu,https://www.kyoritsu-wu.ac.jp/,128,0,128
K23002003,杏林大学,きょうりんだいがく,kyorin-u,https://www.kyorin-u.ac.jp/,0,128,0
K23002014,国立音楽大学,くにたちおんがくだいがく,kunitachi,https://www.kunitachi.ac.jp/,,,
K23002025,グロービス経営大学院大学,ぐろびすけいえいだいがくいんだいがく,globis,https://mba.globis.ac.jp/,,,
K23002036,慶應義塾大学,けいおうぎじゅくだいがく,keio,https://www.keio.ac.jp/,245,205,47
K23002037,日本ウェルネススポーツ大学,にほんうぇるねすすぽーつだいがく,nihonwellness,https://www.nihonwellness.jp/,,,
K23002047,恵泉女学園大学,けいせんじょがくえんだいがく,keisen,https://www.keisen.ac.jp/,,,
K23002058,工学院大学,こうがくいんだいがく,kogakuin,https://www.kogakuin.ac.jp/,102,51,153
K23002069,國學院大学,こくがくいんだいがく,kokugakuin,https://www.kokugakuin.ac.jp/,153,0,102
K23002070,国際基督教大学,こくさいきりすときょうだいがく,icu,https://www.icu.ac.jp/,0,102,204
K23002081,国際仏教学大学院大学,こくさいぶっきょうがくだいがくいんだいがく,icabs,https://www.icabs.ac.jp/,,,
K23002092,国士舘大学,こくしかんだいがく,kokushikan,https://www.kokushikan.ac.jp/,204,0,0
K23002106,駒澤大学,こまざわだいがく,komazawa-u,https://www.komazawa-u.ac.jp/,128,0,128
K23002117,駒沢女子大学,こまざわじょしだいがく,komajo,https://www.komajo.ac.jp/uni/,,,
K23002128,実践女子大学,じっせんじょしだいがく,jissen,https://www.jissen.ac.jp/,128,0,128
K23002139,芝浦工業大学,しばうらこうぎょうだいがく,shibaura-it,https://www.shibaura-it.ac.jp/,52,93,60
K23002140,順天堂大学,じゅんてんどうだいがく,juntendo,https://www.juntendo.ac.jp/,104,49,141
K23002151,上智大学,じょうちだいがく,sophia,https://www.sophia.ac.jp/,128,0,0
K23002157,大和大学,やまとだいがく,yamato-u,https://www.yamato-u.ac.jp/,,,
K23002162,昭和大学,しょうわだいがく,showa-u,https://www.showa-u.ac.jp/,0,32,91
K23002173,昭和女子大学,しょうわじょしだいがく,swu,https://www.swu.ac.jp/,,,
K23002184,昭和薬科大学,しょうわやっかだいがく,shoyaku,https://www.shoyaku.ac.jp/,,,
K23002195,白梅学園大学,しらうめがくえんだいがく,shiraume,https://daigaku.shiraume.ac.jp/,,,
K23002205,山形県立米沢栄養大学,やまがたけんりつよねざわえいようだいがく,yone,https://www.u.yone.ac.jp/,,,
K23002209,白百合女子大学,しらゆりじょしだいがく,shirayuri,https://www.shirayuri.ac.jp/,,,
K23002210,杉野服飾大学,すぎのふくしょくだいがく,sugino-fc,https://www.sugino-fc.ac.jp/,,,
K23002221,成蹊大学,せいけいだいがく,seikei,https://www.seikei.ac.jp/,0,51,102
K23002232,成城大学,せいじょうだいがく,seijo,https://www.seijo.ac.jp/,0,32,91
K23002243,清泉女子大学,せいせんじょしだいがく,seisen-u,https://www.seisen-u.ac.jp/,0,32,91
K23002254,聖心女子大学,せいしんじょしだいがく,u-sacred-heart,https://www.u-sacred-heart.ac.jp/,0,102,51
K23002276,聖路加国際大学,せいるかこくさいだいがく,luke,https://university.luke.ac.jp/,,,
K23002287,専修大学,せんしゅうだいがく,senshu-u,https://www.senshu-u.ac.jp/,0,102,51
K23002298,創価大学,そうかだいがく,soka,https://www.soka.ac.jp/,0,91,171
K23002302,大正大学,たいしょうだいがく,tais,https://www.tais.ac.jp/,138,103,153
K23002313,大東文化大学,だいとうぶんかだいがく,daito,https://www.daito.ac.jp/,92,128,59
K23002324,高千穂大学,たかちほだいがく,takachiho,https://www.takachiho.jp/,,,
K23002335,拓殖大学,たくしょくだいがく,takushoku-u,https://www.takushoku-u.ac.jp/,255,77,0
K23002346,多摩大学,たまだいがく,tama,https://www.tama.ac.jp/,0,40,85
K23002351,京都看護大学,きょうとかんごだいがく,kyotokango,https://www.kyotokango.ac.jp/,,,
K23002357,玉川大学,たまがわだいがく,tamagawa,https://www.tamagawa.jp/university/,0,51,102
K23002368,多摩美術大学,たまびじゅつだいがく,tamabi,https://www.tamabi.ac.jp/,0,84,166
K23002379,中央大学,ちゅうおうだいがく,chuo-u,https://www.chuo-u.ac.jp/,200,16,46
K23002380,津田塾大学,つだじゅくだいがく,tsuda,https://www.tsuda.ac.jp/,204,0,0
K23002391,帝京大学,ていきょうだいがく,teikyo-u,https://www.teikyo-u.ac.jp/,0,91,171
K23002405,東京医科大学,とうきょういかだいがく,tokyo-med,https://www.tokyo-med.ac.jp/,128,0,0
K23002416,東京医療保健大学,とうきょういりょうほけんだいがく,thcu,https://www.thcu.ac.jp/,,,
K23002427,東京音楽大学,とうきょうおんがくだいがく,tokyo-ondai,https://www.tokyo-ondai.ac.jp/,,,
K23002432,日本医療大学,にほんいりょうだいがく,jhu,https://www.jhu.ac.jp/,,,
K23002438,東京家政大学,とうきょうかせいだいがく,tokyo-kasei,https://www.tokyo-kasei.ac.jp/,,,
K23002449,東京家政学院大学,とうきょうかせいがくいんだいがく,kasei-gakuin,https://www.kasei-gakuin.ac.jp/,,,
K23002450,東京経済大学,とうきょうけいざいだいがく,tku,https://www.tku.ac.jp/,255,204,0
K23002461,東京工科大学,とうきょうこうかだいがく,teu,https://www.teu.ac.jp/,0,51,102
K23002472,東京工芸大学,とうきょうこうげいだいがく,t-kougei,https://www.t-kougei.ac.jp/,,,
K23002483,東京慈恵会医科大学,とうきょうじけいかいいかだいがく,jikei,https://www.jikei.ac.jp/,0,91,171
K23002494,東京純心大学,とうきょうじゅんしんだいがく,t-junshin,https://www.t-junshin.ac.jp/univ/,,,
K23002515,札幌保健医療大学,さっぽろほけんいりょうだいがく,sapporo-hokeniryou-u,https://www.sapporo-hokeniryou-u.ac.jp/,,,
K23002519,東京女子大学,とうきょうじょしだいがく,twcu,https://www.twcu.ac.jp/,204,0,0
K23002520,東京女子医科大学,とうきょうじょしいかだいがく,twmu,https://twmu.ac.jp/univ/,128,0,128
K23002531,東京女子体育大学,とうきょうじょしたいいくだいがく,twcpe,https://www.twcpe.ac.jp/,,,
K23002533,岡崎女子大学,おかざきじょしだいがく,okazaki,https://okazaki.ac.jp/,,,
K23002542,東京神学大学,とうきょうしんがくだいがく,tuts,https://www.tuts.ac.jp/,,,
K23002552,敦賀市立看護大学,つるがしりつかんごだいがく,tsuruga-nu,https://tsuruga-nu.ac.jp/,,,
K23002553,東京聖栄大学,とうきょうせいえいだいがく,tsc-05,https://www.tsc-05.ac.jp/,,,
K23002564,東京造形大学,とうきょうぞうけいだいがく,zokei,https://www.zokei.ac.jp/,,,
K23002575,東京電機大学,とうきょうでんきだいがく,dendai,https://www.dendai.ac.jp/,0,51,102
K23002586,東京農業大学,とうきょうのうぎょうだいがく,nodai,https://www.nodai.ac.jp/,51,102,51
K23002597,東京富士大学,とうきょうふじだいがく,fuji,https://www.fuji.ac.jp/,,,
K23002601,東京未来大学,とうきょうみらいだいがく,tokyomirai,https://www.tokyomirai.ac.jp/,,,
K23002612,東京薬科大学,とうきょうやっかだいがく,toyaku,https://www.toyaku.ac.jp/,104,49,141
K23002623,東京理科大学,とうきょうりかだいがく,tus,https://www.tus.ac.jp/,128,0,0
K23002634,東邦大学,とうほうだいがく,toho-u,https://www.toho-u.ac.jp/,0,91,171
K23002645,桐朋学園大学,とうほうがくえんだいがく,tohomusic,https://www.tohomusic.ac.jp/,,,
K23002656,東洋大学,とうようだいがく,toyo,https://www.toyo.ac.jp/,0,32,91
K23002667,二松學舎大学,にしょうがくしゃだいがく,nishogakusha-u,https://www.nishogakusha-u.ac.jp/,,,
K23002678,日本大学,にほんだいがく,nihon-u,https://www.nihon-u.ac.jp/,204,0,0
K23002689,日本医科大学,にっぽんいかだいがく,nms,https://www.nms.ac.jp/college/,135,206,235
K23002690,日本歯科大学,にっぽんしかだいがく,ndu,https://www.ndu.ac.jp/,0,91,171
K23002704,日本社会事業大学,にほんしゃかいじぎょうだいがく,jcsw,https://www.jcsw.ac.jp/,0,128,0
K23002715,日本獣医生命科学大学,にっぽんじゅういせいめいかがくだいがく,nvlu,https://www.nvlu.ac.jp/,102,51,153
K23002726,日本女子大学,にほんじょしだいがく,jwu,https://www.jwu.ac.jp/,255,182,193
K23002737,日本女子体育大学,にほんじょしたいいくだいがく,jwcpe,https://www.jwcpe.ac.jp/,,,
K23002748,日本赤十字看護大学,にほんせきじゅうじかんごだいがく,redcross,https://www.redcross.ac.jp/,204,0,0
K23002759,日本体育大学,にっぽんたいいくだいがく,nittai,https://www.nittai.ac.jp/,,,
K23002771,日本文化大学,にほんぶんかだいがく,nihonbunka-u,https://nihonbunka-u.ac.jp/,,,
K23002782,ハリウッド大学院大学,はりうっどだいがくいんだいがく,hollywood,https://mba.hollywood.ac.jp/,,,
K23002793,文化学園大学,ぶんかがくえんだいがく,bunka,https://bwu.bunka.ac.jp/,,,
K23002807,文化ファッション大学院大学,ぶんかふぁっしょんだいがくいんだいがく,bfgu-bunka,https://bfgu-bunka.ac.jp/,,,
K23002818,法政大学,ほうせいだいがく,hosei,https://www.hosei.ac.jp/,243,146,0
K23002829,星薬科大学,ほしやっかだいがく,hoshi,https://www.hoshi.ac.jp/,,,
K23002830,武蔵大学,むさしだいがく,musashi,https://www.musashi.ac.jp/,0,128,0
K23002852,武蔵野大学,むさしのだいがく,musashino-u,https://www.musashino-u.ac.jp/,128,0,128
K23002863,武蔵野音楽大学,むさしのおんがくだいがく,musashino-music,https://www.musashino-music.ac.jp/,,,
K23002874,武蔵野美術大学,むさしのびじゅつだいがく,musabi,https://www.musabi.ac.jp/,,,
K23002885,明治大学,めいじだいがく,meiji,https://www.meiji.ac.jp/,104,49,141
K23002896,明治学院大学,めいじがくいんだいがく,meijigakuin,https://www.meijigakuin.ac.jp/,255,204,0
K23002900,明治薬科大学,めいじやっかだいがく,my-pharm,https://www.my-pharm.ac.jp/,,,
K23002911,明星大学,めいせいだいがく,meisei-u,https://www.meisei-u.ac.jp/,,,
K23002922,立教大学,りっきょうだいがく,rikkyo,https://www.rikkyo.ac.jp/,120,60,150
K23002933,立正大学,りっしょうだいがく,ris,https://www.ris.ac.jp/,243,146,0
K23002944,ルーテル学院大学,るーてるがくいんだいがく,luther,https://www.luther.ac.jp/,,,
K23002955,和光大学,わこうだいがく,wako,https://www.wako.ac.jp/,0,128,0
K23002966,早稲田大学,わせだだいがく,waseda,https://www.waseda.jp/top/,128,0,32
K23002977,東京福祉大学,とうきょうふくしだいがく,tokyo-fukushi,https://www.tokyo-fukushi.ac.jp/,,,
K23002988,デジタルハリウッド大学,でじたるはりうっどだいがく,dhw,https://www.dhw.ac.jp/,,,
K23003005,ビジネス・ブレークスルー大学,びじねす・ぶれーくするーだいがく,bbt,https://bbt.ac/,,,
K23003026,総合研究大学院大学,そうごうけんきゅうだいがくいんだいがく,soken,https://www.soken.ac.jp/,0,0,0
K23003037,横浜国立大学,よこはまこくりつだいがく,ynu,https://www.ynu.ac.jp/,0,91,171
K23003048,横浜市立大学,よこはましりつだいがく,yokohama-cu,https://www.yokohama-cu.ac.jp/,128,0,0
K23003059,神奈川県立保健福祉大学,かながわけんりつほけんふくしだいがく,kuhs,https://www.kuhs.ac.jp/,,,
K23003060,麻布大学,あざぶだいがく,azabu-u,https://www.azabu-u.ac.jp/,,,
K23003071,ＳＢＩ大学院大学,えすびいあいだいがくいんだいがく,sbi-u,https://www.sbi-u.ac.jp/,,,
K23003082,神奈川大学,かながわだいがく,kanagawa-u,https://www.kanagawa-u.ac.jp/,43,48,84
K23003093,神奈川工科大学,かながわこうかだいがく,kait,https://www.kait.jp/,,,
K23003107,神奈川歯科大学,かながわしかだいがく,kdu,https://www.kdu.ac.jp/,,,
K23003118,鎌倉女子大学,かまくらじょしだいがく,kamakura-u,https://www.kamakura-u.ac.jp/,,,
K23003129,関東学院大学,かんとうがくいんだいがく,kanto-gakuin,https://univ.kanto-gakuin.ac.jp/,0,102,51
K23003130,相模女子大学,さがみじょしだいがく,sagami-wu,https://www.sagami-wu.ac.jp/,,,
K23003141,産業能率大学,さんぎょうのうりつだいがく,sanno,https://www.sanno.ac.jp/,,,
K23003152,松蔭大学,しょういんだいがく,shoin-u,https://www.shoin-u.ac.jp/,,,
K23003163,湘南工科大学,しょうなんこうかだいがく,shonan-it,https://www.shonan-it.ac.jp/,,,
K23003174,情報セキュリティ大学院大学,じょうほうせきゅりてぃだいがくいんだいがく,iisec,https://www.iisec.ac.jp/,,,
K23003185,昭和音楽大学,しょうわおんがくだいがく,tosei-showa-music,https://www.tosei-showa-music.ac.jp/,,,
K23003196,女子美術大学,じょしびじゅつだいがく,joshibi,https://www.joshibi.ac.jp/,,,
K23003200,聖マリアンナ医科大学,せいまりあんないかだいがく,marianna-u,https://www.marianna-u.ac.jp/,,,
K23003211,洗足学園音楽大学,せんぞくがくえんおんがくだいがく,senzoku,https://www.senzoku.ac.jp/music/,,,
K23003222,鶴見大学,つるみだいがく,tsurumi-u,https://www.tsurumi-u.ac.jp/,,,
K23003233,田園調布学園大学,でんえんちょうふがくえんだいがく,dcu,https://www.dcu.ac.jp/,,,
K23003244,桐蔭横浜大学,とういんよこはまだいがく,toin,https://toin.ac.jp/univ/,,,
K23003255,東海大学,とうかいだいがく,u-tokai,https://www.u-tokai.ac.jp/,0,91,171
K23003266,東洋英和女学院大学,とうようえいわじょがくいんだいがく,toyoeiwa,https://www.toyoeiwa.ac.jp/daigaku/,153,0,51
K23003277,フェリス女学院大学,ふぇりすじょがくいんだいがく,ferris,https://www.ferris.ac.jp/,204,0,0
K23003288,八洲学園大学,やしまがくえんだいがく,yashima,https://www.yashima.ac.jp/univ/,,,
K23003299,横浜商科大学,よこはましょうかだいがく,shodai,https://www.shodai.ac.jp/,,,
K23003303,横浜薬科大学,よこはまやっかだいがく,hamayaku,https://www.hamayaku.ac.jp/,,,
K23003306,横浜美術大学,よこはまびじゅつだいがく,yokohama-art,https://www.yokohama-art.ac.jp/,,,
K23003314,上越教育大学,じょうえつきょういくだいがく,juen,https://www.juen.ac.jp/,128,0,0
K23003325,長岡技術科学大学,ながおかぎじゅつかがくだいがく,nagaokaut,https://www.nagaokaut.ac.jp/,0,91,171
K23003336,新潟大学,にいがただいがく,niigata-u,https://www.niigata-u.ac.jp/,0,128,0
K23003347,新潟県立看護大学,,,,,,
K23003358,敬和学園大学,けいわがくえんだいがく,keiwa-c,https://www.keiwa-c.ac.jp/,,,
K23003369,国際大学,こくさいだいがく,iuj,https://www.iuj.ac.jp/jp/,,,
K23003370,長岡大学,ながおかだいがく,nagaokauniv,https://www.nagaokauniv.ac.jp/,,,
K23003381,長岡造形大学,ながおかぞうけいだいがく,nagaoka-id,https://www.nagaoka-id.ac.jp/,,,
K23003392,新潟医療福祉大学,にいがたいりょうふくしだいがく,nuhw,https://www.nuhw.ac.jp/,,,
K23003406,新潟経営大学,にいがたけいえいだいがく,niigataum,https://www.niigataum.ac.jp/,,,
K23003417,新潟工科大学,にいがたこうかだいがく,niit,https://www.niit.ac.jp/,,,
K23003428,新潟国際情報大学,にいがたこくさいじょうほうだいがく,nuis,https://www.nuis.ac.jp/,,,
K23003439,新潟産業大学,にいがたさんぎょうだいがく,nsu,https://www.nsu.ac.jp/,,,
K23003440,新潟青陵大学,にいがたせいりょうだいがく,n-seiryo,https://www.n-seiryo.ac.jp/,,,
K23003451,事業創造大学院大学,じぎょうそうぞうだいがくいんだいがく,jigyo,https://www.jigyo.ac.jp/,,,
K23003462,新潟薬科大学,にいがたやっかだいがく,nupals,https://www.nupals.ac.jp/,,,
K23003473,新潟リハビリテーション大学,にいがたりはびりてーしょんだいがく,nur,https://nur.ac.jp/,,,
K23003484,富山大学,とやまだいがく,u-toyama,https://www.u-toyama.ac.jp/,105,125,140
K23003495,富山県立大学,とやまけんりつだいがく,pu-toyama,https://www.pu-toyama.ac.jp/,,,
K23003509,高岡法科大学,たかおかほうかだいがく,takaoka,https://www.takaoka.ac.jp/,,,
K23003510,桐朋学園大学院大学,,,,,,
K23003521,富山国際大学,とやまこくさいだいがく,tuins,https://www.tuins.ac.jp/,,,
K23003532,金沢大学,かなざわだいがく,kanazawa-u,https://www.kanazawa-u.ac.jp/,57,48,87
K23003543,北陸先端科学技術大学院大学,ほくりくせんたんかがくぎじゅつだいがくいんだいがく,jaist,https://www.jaist.ac.jp/,0,128,128
K23003554,石川県立大学,いしかわけんりつだいがく,ishikawa-pu,https://www.ishikawa-pu.ac.jp/,,,
K23003565,石川県立看護大学,いしかわけんりつかんごだいがく,ishikawa-nu,https://www.ishikawa-nu.ac.jp/,,,
K23003576,金沢美術工芸大学,かなざわびじゅつこうげいだいがく,kanazawa-bidai,https://www.kanazawa-bidai.ac.jp/,,,
K23003587,金沢医科大学,かなざわいかだいがく,kanazawa-med,https://www.kanazawa-med.ac.jp/,,,
K23003598,金沢学院大学,かなざわがくいんだいがく,kanazawa-gu,https://www.kanazawa-gu.ac.jp/,,,
K23003602,金沢工業大学,かなざわこうぎょうだいがく,kanazawa-it,https://www.kanazawa-it.ac.jp/,0,84,159
K23003613,金沢星稜大学,かなざわせいりょうだいがく,seiryo-u,https://www.seiryo-u.ac.jp/u/index.html,,,
K23003624,金城大学,きんじょうだいがく,kinjo,https://www.kinjo.ac.jp/ku/,,,
K23003635,北陸大学,ほくりくだいがく,hokuriku-u,https://www.hokuriku-u.ac.jp/,,,
K23003646,北陸学院大学,ほくりくがくいんだいがく,hokurikugakuin,https://www.hokurikugakuin.ac.jp/univ/,,,
K23003657,福井大学,ふくいだいがく,u-fukui,https://www.u-fukui.ac.jp/,0,91,171
K23003668,福井県立大学,ふくいけんりつだいがく,fpu,https://www.fpu.ac.jp/,0,128,0
K23003679,仁愛大学,じんあいだいがく,jindai,https://www.jindai.ac.jp/,,,
K23003680,福井工業大学,ふくいこうぎょうだいがく,fukui-ut,https://www.fukui-ut.ac.jp/,,,
K23003691,山梨大学,やまなしだいがく,yamanashi,https://www.yamanashi.ac.jp/,128,0,128
K23003705,都留文科大学,つるぶんかだいがく,tsuru,https://www.tsuru.ac.jp/,0,153,102
K23003716,山梨県立大学,やまなしけんりつだいがく,yamanashi-ken,https://www.yamanashi-ken.ac.jp/,,,
K23003727,健康科学大学,けんこうかがくだいがく,kenkoudai,https://www.kenkoudai.ac.jp/,,,
K23003738,帝京科学大学,ていきょうかがくだいがく,ntu,https://www.ntu.ac.jp/,,,
K23003749,身延山大学,みのぶさんだいがく,min,https://www.min.ac.jp/,,,
K23003750,山梨英和大学,やまなしえいわだいがく,yamanashi-eiwa,https://www.yamanashi-eiwa.ac.jp/,,,
K23003761,山梨学院大学,やまなしがくいんだいがく,ygu,https://www.ygu.ac.jp/,0,91,171
K23003772,信州大学,しんしゅうだいがく,shinshu-u,https://www.shinshu-u.ac.jp/,0,102,51
K23003783,長野県看護大学,ながのけんかんごだいがく,nagano-nurs,https://www.nagano-nurs.ac.jp/,,,
K23003794,佐久大学,さくだいがく,saku,https://www.saku.ac.jp/,,,
K23003808,公立諏訪東京理科大学,こうりつすわとうきょうりかだいがく,sus,https://www.sus.ac.jp/,,,
K23003819,清泉女学院大学,せいせんじょがくいんだいがく,seisen-jc,https://www.seisen-jc.ac.jp/,,,
K23003820,長野大学,ながのだいがく,nagano,https://www.nagano.ac.jp/,,,
K23003831,松本大学,まつもとだいがく,matsumoto-u,https://www.matsumoto-u.ac.jp/,,,
K23003842,松本歯科大学,まつもとしかだいがく,mdu,https://www.mdu.ac.jp/,,,
K23003853,岐阜大学,ぎふだいがく,gifu-u,https://www.gifu-u.ac.jp/,255,99,25
K23003864,岐阜県立看護大学,ぎふけんりつかんごだいがく,gifu-cn,https://www.gifu-cn.ac.jp/,,,
K23003875,岐阜薬科大学,ぎふやっかだいがく,gifu-pu,https://www.gifu-pu.ac.jp/,,,
K23003886,情報科学芸術大学院大学,じょうほうかがくげいじゅつだいがくいんだいがく,iamas,https://www.iamas.ac.jp/,,,
K23003897,朝日大学,あさひだいがく,asahi-u,https://www.asahi-u.ac.jp/,,,
K23003901,岐阜医療科学大学,ぎふいりょうかがくだいがく,u-gifu-ms,https://www.u-gifu-ms.ac.jp/,,,
K23003912,岐阜協立大学,ぎふきょうりつだいがく,gku,https://www.gku.ac.jp/,,,
K23003923,岐阜聖徳学園大学,ぎふしょうとくがくえんだいがく,shotoku,https://www.shotoku.ac.jp/,,,
K23003934,岐阜女子大学,ぎふじょしだいがく,gijodai,https://gijodai.jp/,,,
K23003945,中京学院大学,ちゅうきょうがくいんだいがく,chukyogakuin-u,https://www.chukyogakuin-u.ac.jp/,,,
K23003956,中部学院大学,ちゅうぶがくいんだいがく,chubu-gu,https://www.chubu-gu.ac.jp/,,,
K23003967,東海学院大学,とうかいがくいんだいがく,tokaigakuin-u,https://www.tokaigakuin-u.ac.jp/,,,
K23003978,静岡大学,しずおかだいがく,shizuoka,https://www.shizuoka.ac.jp/,84,85,140
K23003989,浜松医科大学,はままついかだいがく,hama-med,https://www.hama-med.ac.jp/,0,32,91
K23003990,静岡県立大学,しずおかけんりつだいがく,u-shizuoka-ken,https://www.u-shizuoka-ken.ac.jp/,0,153,0
K23004005,静岡英和学院大学,しずおかえいわがくいんだいがく,shizuoka-eiwa,https://www.shizuoka-eiwa.ac.jp/,,,
K23004016,静岡産業大学,しずおかさんぎょうだいがく,ssu,https://www.ssu.ac.jp/,97,156,72
K23004027,静岡福祉大学,しずおかふくしだいがく,suw,https://suw.ac.jp/,,,
K23004038,静岡文化芸術大学,しずおかぶんかげいじゅつだいがく,suac,https://www.suac.ac.jp/,0,91,171
K23004049,静岡理工科大学,しずおかりこうかだいがく,sist,https://www.sist.ac.jp/,,,
K23004050,聖隷クリストファー大学,せいれいくりすとふぁーだいがく,seirei,https://www.seirei.ac.jp/,,,
K23004061,常葉大学,とこはだいがく,tokoha-u,https://www.tokoha-u.ac.jp/,,,
K23004083,浜松学院大学,はままつがくいんだいがく,hamagaku,https://www.hamagaku.ac.jp/hgu/,,,
K23004094,光産業創成大学院大学,ひかりさんぎょうそうせいだいがくいんだいがく,gpi,https://www.gpi.ac.jp/,,,
K23004119,愛知教育大学,あいちきょういくだいがく,aichi-edu,https://www.aichi-edu.ac.jp/,0,0,204
K23004120,豊橋技術科学大学,とよはしぎじゅつかがくだいがく,tut,https://www.tut.ac.jp/,204,0,0
K23004131,名古屋大学,なごやだいがく,nagoya-u,https://www.nagoya-u.ac.jp/,0,115,90
K23004142,名古屋工業大学,なごやこうぎょうだいがく,nitech,https://www.nitech.ac.jp/,0,51,102
K23004153,愛知県立大学,あいちけんりつだいがく,aichi-pu,https://www.aichi-pu.ac.jp/,,,
K23004175,愛知県立芸術大学,あいちけんりつげいじゅつだいがく,aichi-fam-u,https://www.aichi-fam-u.ac.jp/,0,128,0
K23004186,名古屋市立大学,なごやしりつだいがく,nagoya-cu,https://www.nagoya-cu.ac.jp/,128,0,0
K23004197,愛知大学,あいちだいがく,aichi-u,https://www.aichi-u.ac.jp/,0,0,102
K23004201,愛知医科大学,あいちいかだいがく,aichi-med-u,https://www.aichi-med-u.ac.jp/,0,84,166
K23004212,愛知学院大学,あいちがくいんだいがく,agu,https://www.agu.ac.jp/,128,0,0
K23004223,愛知学泉大学,あいちがくせんだいがく,gakusen,https://www.gakusen.ac.jp/u/,,,
K23004234,愛知工科大学,あいちこうかだいがく,aut,https://www.aut.ac.jp/,,,
K23004245,愛知工業大学,あいちこうぎょうだいがく,ait,https://www.ait.ac.jp/,,,
K23004256,愛知産業大学,あいちさんぎょうだいがく,asu,https://www.asu.ac.jp/,,,
K23004267,愛知淑徳大学,あいちしゅくとくだいがく,aasa,https://www.aasa.ac.jp/,0,0,204
K23004289,愛知東邦大学,あいちとうほうだいがく,aichi-toho,https://www.aichi-toho.ac.jp/,,,
K23004290,愛知文教大学,あいちぶんきょうだいがく,abu,https://www.abu.ac.jp/,,,
K23004304,愛知みずほ大学,あいちみずほだいがく,mizuho-c,https://www.mizuho-c.ac.jp/,,,
K23004315,桜花学園大学,おうかがくえんだいがく,ohkagakuen-u,https://www.ohkagakuen-u.ac.jp/,,,
K23004326,金城学院大学,きんじょうがくいんだいがく,kinjo-u,https://www.kinjo-u.ac.jp/ja/,128,0,0
K23004337,修文大学,しゅうぶんだいがく,shubun,https://www.shubun.ac.jp/,,,
K23004348,椙山女学園大学,すぎやまじょがくえんだいがく,sugiyama-u,https://www.sugiyama-u.ac.jp/,0,128,0
K23004359,星城大学,せいじょうだいがく,seijoh-u,https://www.seijoh-u.ac.jp/,,,
K23004360,大同大学,だいどうだいがく,daido-it,https://www.daido-it.ac.jp/,,,
K23004371,中京大学,ちゅうきょうだいがく,chukyo-u,https://www.chukyo-u.ac.jp/,128,0,0
K23004382,至学館大学,しがっかんだいがく,sgk,https://www.sgk.ac.jp/,,,
K23004393,中部大学,ちゅうぶだいがく,chubu,https://www.chubu.ac.jp/,0,102,153
K23004407,東海学園大学,とうかいがくえんだいがく,tokaigakuen-u,https://www.tokaigakuen-u.ac.jp/,,,
K23004418,同朋大学,どうほうだいがく,doho,https://www.doho.ac.jp/,,,
K23004429,豊田工業大学,とよたこうぎょうだいがく,toyota-ti,https://www.toyota-ti.ac.jp/,0,51,102
K23004430,豊橋創造大学,とよはしそうぞうだいがく,sozo,https://www.sozo.ac.jp/,,,
K23004441,名古屋音楽大学,なごやおんがくだいがく,meion,https://www.meion.ac.jp/,,,
K23004452,名古屋外国語大学,なごやがいこくごだいがく,nufs,https://www.nufs.ac.jp/,,,
K23004463,名古屋学院大学,なごやがくいんだいがく,ngu,https://www.ngu.jp/,227,123,148
K23004474,名古屋学芸大学,なごやがくげいだいがく,nuas,https://www.nuas.ac.jp/,,,
K23004485,名古屋経済大学,なごやけいざいだいがく,nagoya-ku,https://www.nagoya-ku.ac.jp/,,,
K23004496,名古屋芸術大学,なごやげいじゅつだいがく,nua,https://www.nua.ac.jp/,,,
K23004500,名古屋産業大学,なごやさんぎょうだいがく,nagoya-su,https://www.nagoya-su.ac.jp/,,,
K23004511,名古屋商科大学,なごやしょうかだいがく,nucba,https://www.nucba.ac.jp/,0,128,0
K23004522,名古屋女子大学,,,,0,91,171
K23004533,名古屋造形大学,なごやぞうけいだいがく,nzu,https://www.nzu.ac.jp/,,,
K23004544,名古屋文理大学,なごやぶんりだいがく,nagoya-bunri,https://www.nagoya-bunri.ac.jp/,,,
K23004555,南山大学,なんざんだいがく,nanzan-u,https://www.nanzan-u.ac.jp/,0,51,102
K23004566,日本赤十字豊田看護大学,にっぽんせきじゅうじとよたかんごだいがく,rctoyota,https://rctoyota.ac.jp/,,,
K23004577,日本福祉大学,にほんふくしだいがく,n-fukushi,https://www.n-fukushi.ac.jp/,,,
K23004588,人間環境大学,,,,,,
K23004599,藤田医科大学,ふじたいかだいがく,fujita-hu,https://www.fujita-hu.ac.jp/,0,91,171
K23004603,名城大学,めいじょうだいがく,meijo-u,https://www.meijo-u.ac.jp/index.html,128,0,0
K23004614,三重大学,みえだいがく,mie-u,https://www.mie-u.ac.jp/,0,128,128
K23004625,三重県立看護大学,みえけんりつかんごだいがく,mcn,https://www.mcn.ac.jp/,,,
K23004636,皇學館大学,こうがっかんだいがく,kogakkan-u,https://www.kogakkan-u.ac.jp/,104,49,141
K23004647,鈴鹿医療科学大学,すずかいりょうかがくだいがく,suzuka-u,https://www.suzuka-u.ac.jp/,,,
K23004658,鈴鹿大学,すずかだいがく,suzuka,https://www.suzuka.ac.jp/,,,
K23004670,四日市大学,よっかいちだいがく,yokkaichi-u,https://www.yokkaichi-u.ac.jp/,,,
K23004681,四日市看護医療大学,よっかいちかんごいりょうだいがく,y-nm,https://www.y-nm.ac.jp/,,,
K23004692,滋賀大学,しがだいがく,shiga-u,https://www.shiga-u.ac.jp/,0,91,171
K23004706,滋賀医科大学,しがいかだいがく,shiga-med,https://www.shiga-med.ac.jp/,0,32,91
K23004717,滋賀県立大学,しがけんりつだいがく,usp,https://www.usp.ac.jp/,135,206,235
K23004728,成安造形大学,せいあんぞうけいだいがく,seian,https://www.seian.ac.jp/,,,
K23004739,聖泉大学,せいせんだいがく,seisen,https://www.seisen.ac.jp/,,,
K23004740,長浜バイオ大学,ながはまばいおだいがく,nagahama-i-bio,https://www.nagahama-i-bio.ac.jp/,,,
K23004751,びわこ成蹊スポーツ大学,びわこせいけいすぽーつだいがく,biwako-seikei,https://biwako-seikei.jp/,,,
K23004762,京都大学,きょうとだいがく,kyoto-u,https://www.kyoto-u.ac.jp/ja,0,32,91
K23004773,京都教育大学,きょうときょういくだいがく,kyokyo-u,https://www.kyokyo-u.ac.jp/,104,49,141
K23004784,京都工芸繊維大学,きょうとこうげいせんいだいがく,kit,https://www.kit.ac.jp/,0,40,85
K23004795,京都市立芸術大学,きょうとしりつげいじゅつだいがく,kcua,https://www.kcua.ac.jp/,0,0,0
K23004809,京都府立大学,きょうとふりつだいがく,kpu,https://www.kpu.ac.jp/,0,128,0
K23004810,京都府立医科大学,きょうとふりついかだいがく,kpu-m,https://www.kpu-m.ac.jp/,0,102,51
K23004821,大谷大学,おおたにだいがく,otani,https://www.otani.ac.jp/,,,
K23004832,京都医療科学大学,きょうといりょうかがくだいがく,kyoto-msc,https://www.kyoto-msc.jp/,,,
K23004843,京都外国語大学,きょうとがいこくごだいがく,kufs,https://www.kufs.ac.jp/,0,88,165
K23004854,京都先端科学大学,きょうとせんたんかがくだいがく,kuas,https://www.kuas.ac.jp/,,,
K23004865,嵯峨美術大学,さがびじゅつだいがく,kyoto-saga,https://www.kyoto-saga.ac.jp/,,,
K23004876,京都産業大学,きょうとさんぎょうだいがく,kyoto-su,https://www.kyoto-su.ac.jp/,0,45,85
K23004887,京都情報大学院大学,きょうとじょうほうだいがくいんだいがく,kcg,https://www.kcg.edu/,,,
K23004898,京都女子大学,きょうとじょしだいがく,kyoto-wu,https://www.kyoto-wu.ac.jp/,187,151,212
K23004902,京都精華大学,きょうとせいかだいがく,kyoto-seika,https://www.kyoto-seika.ac.jp/,,,
K23004913,京都芸術大学,きょうとげいじゅつだいがく,kyoto-art,https://www.kyoto-art.ac.jp/,,,
K23004924,福知山公立大学,ふくちやまこうりつだいがく,fukuchiyama,https://www.fukuchiyama.ac.jp/,,,
K23004935,京都橘大学,きょうとたちばなだいがく,tachibana-u,https://www.tachibana-u.ac.jp/,101,64,98
K23004946,京都ノートルダム女子大学,きょうとのーとるだむじょしだいがく,notredame,https://www.notredame.ac.jp/,,,
K23004957,京都文教大学,きょうとぶんきょうだいがく,kbu,https://www.kbu.ac.jp/kbu/,,,
K23004968,京都薬科大学,きょうとやっかだいがく,kyoto-phu,https://www.kyoto-phu.ac.jp/,128,0,128
K23004980,種智院大学,しゅちいんだいがく,shuchiin,https://www.shuchiin.ac.jp/,,,
K23004991,同志社大学,どうししゃだいがく,doshisha,https://www.doshisha.ac.jp/,102,51,153
K23005006,同志社女子大学,,,,102,51,153
K23005017,花園大学,はなぞのだいがく,hanazono,https://www.hanazono.ac.jp/,,,
K23005028,佛教大学,ぶっきょうだいがく,bukkyo-u,https://www.bukkyo-u.ac.jp/,128,0,128
K23005039,明治国際医療大学,めいじこくさいいりょうだいがく,meiji-u,https://meiji-u.ac.jp/,,,
K23005040,立命館大学,りつめいかんだいがく,ritsumei,https://www.ritsumei.ac.jp/top/,128,0,0
K23005051,龍谷大学,りゅうこくだいがく,ryukoku,https://www.ryukoku.ac.jp/,153,0,51
K23005062,大阪大学,おおさかだいがく,osaka-u,https://www.osaka-u.ac.jp/,135,206,235
K23005084,大阪教育大学,おおさかきょういくだいがく,osaka-kyoiku,https://osaka-kyoiku.ac.jp/,128,0,0
K23005110,藍野大学,あいのだいがく,aino,https://univ.aino.ac.jp/index2.php,,,
K23005121,追手門学院大学,おうてもんがくいんだいがく,otemon,https://www.otemon.ac.jp/,102,204,255
K23005132,大阪青山大学,おおさかあおやまだいがく,osaka-aoyama,https://www.osaka-aoyama.ac.jp/,,,
K23005154,大阪大谷大学,おおさかおおたにだいがく,osaka-ohtani,https://www.osaka-ohtani.ac.jp/,,,
K23005165,大阪音楽大学,おおさかおんがくだいがく,daion,https://www.daion.ac.jp/,128,0,0
K23005176,大阪学院大学,おおさかがくいんだいがく,ogu,https://www.ogu.ac.jp/,0,102,204
K23005187,大阪河崎リハビリテーション大学,おおさかかわさきりはびりてえしょんだいがく,kawasakigakuen,https://www.kawasakigakuen.ac.jp/,,,
K23005198,大阪観光大学,おおさかかんこうだいがく,tourism,https://www.tourism.ac.jp/,,,
K23005202,大阪経済大学,おおさかけいざいだいがく,osaka-ue,https://www.osaka-ue.ac.jp/,204,0,204
K23005213,大阪経済法科大学,おおさかけいざいほうかだいがく,keiho-u,https://www.keiho-u.ac.jp/,,,
K23005224,大阪芸術大学,おおさかげいじゅつだいがく,osaka-geidai,https://www.osaka-geidai.ac.jp/,255,215,0
K23005235,大阪工業大学,おおさかこうぎょうだいがく,oit,https://www.oit.ac.jp/,0,51,102
K23005246,大阪国際大学,おおさかこくさいだいがく,oiu,https://www.oiu.ac.jp/,,,
K23005257,大阪産業大学,おおさかさんぎょうだいがく,osaka-sandai,https://www.osaka-sandai.ac.jp/,128,0,0
K23005268,大阪歯科大学,おおさかしかだいがく,osaka-dent,https://www.osaka-dent.ac.jp/,0,51,102
K23005279,大阪樟蔭女子大学,おおさかしょういんじょしだいがく,osaka-shoin,https://www.osaka-shoin.ac.jp/,,,
K23005280,大阪商業大学,おおさかしょうぎょうだいがく,daishodai,https://ouc.daishodai.ac.jp/,128,0,0
K23005291,大阪女学院大学,,,,,,
K23005305,大阪成蹊大学,おおさかせいけいだいがく,osaka-seikei,https://univ.osaka-seikei.jp/,,,
K23005316,大阪総合保育大学,おおさかそうごうほいくだいがく,jonan,https://soho.jonan.jp/,,,
K23005327,大阪体育大学,おおさかたいいくだいがく,ouhs,https://www.ouhs.jp/,102,204,255
K23005338,大阪電気通信大学,おおさかでんきつうしんだいがく,osakac,https://www.osakac.ac.jp/,0,128,0
K23005349,大阪人間科学大学,おおさかにんげんかがくだいがく,ohs,https://www.ohs.ac.jp/,,,
K23005361,関西大学,かんさいだいがく,kansai-u,https://www.kansai-u.ac.jp/,50,40,90
K23005372,関西医科大学,かんさいいかだいがく,kmu,https://www.kmu.ac.jp/,0,0,0
K23005383,関西外国語大学,かんさいがいこくごだいがく,kansaigaidai,https://www.kansaigaidai.ac.jp/,0,71,145
K23005394,関西医療大学,かんさいいりょうだいがく,kansai,https://www.kansai.ac.jp/,,,
K23005408,関西福祉科学大学,かんさいふくしかがくだいがく,fuksi-kagk-u,https://www.fuksi-kagk-u.ac.jp/,,,
K23005419,近畿大学,きんきだいがく,kindai,https://www.kindai.ac.jp/,0,102,204
K23005420,四條畷学園大学,しじょうなわてがくえんだいがく,shijonawate-gakuen,https://un.shijonawate-gakuen.ac.jp/,,,
K23005431,四天王寺大学,してんのうじだいがく,shitennoji,https://www.shitennoji.ac.jp/,0,91,171
K23005442,摂南大学,せつなんだいがく,setsunan,https://www.setsunan.ac.jp/,255,102,0
K23005453,千里金蘭大学,せんりきんらんだいがく,kinran,https://www.kinran.ac.jp/,,,
K23005464,相愛大学,そうあいだいがく,soai,https://www.soai.ac.jp/,,,
K23005475,太成学院大学,たいせいがくいんだいがく,tgu,https://www.tgu.ac.jp/,,,
K23005486,帝塚山学院大学,てづかやまがくいんだいがく,tezuka-gu,https://www.tezuka-gu.ac.jp/,,,
K23005497,常磐会学園大学,ときわかいがくえんだいがく,tokiwakai,https://www.tokiwakai.ac.jp/,,,
K23005501,梅花女子大学,ばいかじょしだいがく,baika,https://www.baika.ac.jp/,,,
K23005512,羽衣国際大学,はごろもこくさいだいがく,hagoromo,https://www.hagoromo.ac.jp/,,,
K23005523,阪南大学,はんなんだいがく,hannan-u,https://www.hannan-u.ac.jp/,0,128,0
K23005534,東大阪大学,ひがしおおさかだいがく,higashiosaka,https://www.higashiosaka.ac.jp/,,,
K23005545,桃山学院教育大学,ももやまがくいんきょういくだいがく,andrew-edu,https://www.andrew-edu.ac.jp/,,,
K23005556,平安女学院大学,へいあんじょがくいんだいがく,heian,https://www.heian.ac.jp/,,,
K23005567,桃山学院大学,ももやまがくいんだいがく,andrew,https://www.andrew.ac.jp/,128,0,0
K23005578,森ノ宮医療大学,もりのみやいりょうだいがく,morinomiya-u,https://www.morinomiya-u.ac.jp/,,,
K23005590,神戸大学,こうべだいがく,kobe-u,https://www.kobe-u.ac.jp/ja/index.html,150,50,30
K23005604,兵庫教育大学,ひょうごきょういくだいがく,hyogo-u,https://www.hyogo-u.ac.jp/,0,102,51
K23005615,神戸市外国語大学,こうべしがいこくごだいがく,kobe-cufs,https://www.kobe-cufs.ac.jp/,0,91,171
K23005626,神戸市看護大学,こうべしかんごだいがく,kobe-ccn,https://www.kobe-ccn.ac.jp/,,,
K23005637,兵庫県立大学,ひょうごけんりつだいがく,u-hyogo,https://www.u-hyogo.ac.jp/,0,32,91
K23005648,芦屋大学,あしやだいがく,ashiya-u,https://www.ashiya-u.ac.jp/top/,,,
K23005659,大手前大学,おおてまえだいがく,otemae,https://www.otemae.ac.jp/,,,
K23005660,関西国際大学,かんさいこくさいだいがく,kuins,https://www.kuins.ac.jp/,,,
K23005671,関西福祉大学,かんさいふくしだいがく,kusw,https://www.kusw.ac.jp/,,,
K23005682,関西学院大学,かんせいがくいんだいがく,kwansei,https://www.kwansei.ac.jp/,0,53,128
K23005693,神戸医療福祉大学,こうべいりょうふくしだいがく,kinwu,https://www.kinwu.ac.jp/,,,
K23005707,姫路大学,ひめじだいがく,koutoku,https://koutoku.ac.jp/himeji/,,,
K23005718,甲子園大学,こうしえんだいがく,koshien,https://www.koshien.ac.jp/,,,
K23005729,甲南大学,こうなんだいがく,konan-u,https://www.konan-u.ac.jp/,128,0,0
K23005730,甲南女子大学,こうなんじょしだいがく,konan-wu,https://www.konan-wu.ac.jp/,,,
K23005741,神戸海星女子学院大学,こうべかいせいじょしがくいんだいがく,kaisei,https://www.kaisei.ac.jp/,,,
K23005752,神戸学院大学,こうべがくいんだいがく,kobegakuin,https://www.kobegakuin.ac.jp/,0,128,0
K23005763,神戸芸術工科大学,こうべげいじゅつこうかだいがく,kobe-du,https://www.kobe-du.ac.jp/,0,0,204
K23005774,神戸国際大学,こうべこくさいだいがく,kobe-kiu,https://www.kobe-kiu.ac.jp/,,,
K23005796,神戸松蔭女子学院大学,こうべしょういんじょしがくいんだいがく,shoin,https://www.shoin.ac.jp/,,,
K23005800,神戸情報大学院大学,こうべじょうほうだいがくいんだいがく,kic,https://www.kic.ac.jp/,,,
K23005811,神戸女学院大学,こうべじょがくいんだいがく,kobe-c,https://www.kobe-c.ac.jp/,0,32,91
K23005822,神戸女子大学,こうべじょしだいがく,kobe-wu,https://www.yg.kobe-wu.ac.jp/wu/,,,
K23005833,神戸親和女子大学,こうべしんわじょしだいがく,kobe-shinwa,https://www.kobe-shinwa.ac.jp/,,,
K23005844,神戸常盤大学,こうべときわだいがく,kobe-tokiwa,https://www.kobe-tokiwa.ac.jp/univ/,,,
K23005866,神戸薬科大学,こうべやっかだいがく,kobepharma-u,https://www.kobepharma-u.ac.jp/,104,49,141
K23005888,関西看護医療大学,かんさいかんごいりょうだいがく,kki,https://www.kki.ac.jp/,,,
K23005914,園田学園女子大学,そのだがくえんじょしだいがく,sonoda-u,https://www.sonoda-u.ac.jp/,,,
K23005925,宝塚大学,たからづかだいがく,takara-univ,https://www.takara-univ.ac.jp/,,,
K23005936,姫路獨協大学,ひめじどっきょうだいがく,himeji-du,https://www.himeji-du.ac.jp/,,,
K23005947,兵庫大学,ひょうごだいがく,hyogo-dai,https://www.hyogo-dai.ac.jp/,,,
K23005958,兵庫医科大学,ひょうごいかだいがく,hyo-med,https://www.hyo-med.ac.jp/,0,128,0
K23005970,武庫川女子大学,むこがわじょしだいがく,mukogawa-u,https://www.mukogawa-u.ac.jp/index.html,128,0,0
K23005981,流通科学大学,りゅうつうかがくだいがく,umds,https://www.umds.ac.jp/,,,
K23005992,奈良教育大学,ならきょういくだいがく,nara-edu,https://www.nara-edu.ac.jp/,0,91,171
K23006007,奈良女子大学,ならじょしだいがく,nara-wu,https://www.nara-wu.ac.jp/,128,0,0
K23006018,奈良先端科学技術大学院大学,ならせんたんかがくぎじゅつだいがくいんだいがく,naist,https://www.naist.jp/,204,0,0
K23006029,奈良県立医科大学,ならけんりついかだいがく,naramed-u,https://www.naramed-u.ac.jp/,0,91,171
K23006030,奈良県立大学,ならけんりつだいがく,narapu,https://www.narapu.ac.jp/,0,91,171
K23006041,畿央大学,きおうだいがく,kio,https://www.kio.ac.jp/,,,
K23006052,帝塚山大学,てづかやまだいがく,tezukayama-u,https://www.tezukayama-u.ac.jp/,,,
K23006063,天理大学,てんりだいがく,tenri-u,https://www.tenri-u.ac.jp/,104,49,141
K23006074,奈良大学,ならだいがく,nara-u,https://www.nara-u.ac.jp/,0,51,153
K23006085,奈良学園大学,ならがくえんだいがく,naragakuen-u,https://www.naragakuen-u.jp/,,,
K23006096,和歌山大学,わかやまだいがく,wakayama-u,https://www.wakayama-u.ac.jp/,243,146,0
K23006100,和歌山県立医科大学,わかやまけんりついかだいがく,wakayama-med,https://www.wakayama-med.ac.jp/,0,128,0
K23006111,高野山大学,こうやさんだいがく,koyasan-u,https://www.koyasan-u.ac.jp/,,,
K23006122,鳥取大学,とっとりだいがく,tottori-u,https://www.tottori-u.ac.jp/,0,51,102
K23006133,公立鳥取環境大学,こうりつとっとりかんきょうだいがく,kankyo-u,https://www.kankyo-u.ac.jp/,0,102,51
K23006144,島根大学,しまねだいがく,shimane-u,https://www.shimane-u.ac.jp/,0,91,171
K23006155,島根県立大学,しまねけんりつだいがく,u-shimane,https://www.u-shimane.ac.jp/,0,91,171
K23006166,岡山大学,おかやまだいがく,okayama-u,https://www.okayama-u.ac.jp/index.html,0,113,187
K23006177,岡山県立大学,おかやまけんりつだいがく,oka-pu,https://www.oka-pu.ac.jp/,102,51,102
K23006188,岡山学院大学,おかやまがくいんだいがく,owc,https://owc.ac.jp/,,,
K23006199,岡山商科大学,おかやましょうかだいがく,osu,https://www.osu.ac.jp/,,,
K23006203,岡山理科大学,おかやまりかだいがく,ous,https://www.ous.ac.jp/,154,205,50
K23006214,川崎医科大学,,,,,,
K23006225,川崎医療福祉大学,かわさきいりょうふくしだいがく,kawasaki-m,https://w.kawasaki-m.ac.jp/,,,
K23006236,環太平洋大学,かんたいへいようだいがく,ipu-japan,https://ipu-japan.ac.jp/,,,
K23006247,吉備国際大学,きびこくさいだいがく,kiui,https://kiui.jp/,,,
K23006258,倉敷芸術科学大学,くらしきげいじゅつかがくだいがく,kusa,https://www.kusa.ac.jp/,,,
K23006269,くらしき作陽大学,くらしきさくようだいがく,ksu,https://www.ksu.ac.jp/,,,
K23006270,山陽学園大学,さんようがくえんだいがく,sguc,https://www.sguc.ac.jp/,,,
K23006281,就実大学,,,,,,
K23006292,中国学園大学,ちゅうごくがくえんだいがく,cjc,https://www.cjc.ac.jp/,,,
K23006306,ノートルダム清心女子大学,のーとるだむせいしんじょしだいがく,ndsu,https://www.ndsu.ac.jp/,,,
K23006317,美作大学,みまさかだいがく,mimasaka,https://mimasaka.jp/,,,
K23006328,広島大学,ひろしまだいがく,hiroshima-u,https://www.hiroshima-u.ac.jp/index.php,0,128,0
K23006339,尾道市立大学,おのみちしりつだいがく,onomichi-u,https://www.onomichi-u.ac.jp/,0,102,51
K23006340,県立広島大学,けんりつひろしまだいがく,pu-hiroshima,https://www.pu-hiroshima.ac.jp/,,,
K23006351,広島市立大学,ひろしましりつだいがく,hiroshima-cu,https://www.hiroshima-cu.ac.jp/,102,153,204
K23006362,エリザベト音楽大学,えりざべとおんがくだいがく,eum,https://www.eum.ac.jp/,,,
K23006373,広島文化学園大学,ひろしまぶんかがくえんだいがく,hbg,https://www.hbg.ac.jp/,,,
K23006384,日本赤十字広島看護大学,にほんせきじゅうじひろしまかんごだいがく,jrchcn,https://www.jrchcn.ac.jp/,,,
K23006395,比治山大学,ひじやまだいがく,hijiyama-u,https://www.hijiyama-u.ac.jp/,,,
K23006409,広島経済大学,ひろしまけいざいだいがく,hue,https://www.hue.ac.jp/,,,
K23006410,広島工業大学,ひろしまこうぎょうだいがく,it-hiroshima,https://www.it-hiroshima.ac.jp/,128,0,0
K23006421,広島国際大学,ひろしまこくさいだいがく,hirokoku-u,https://www.hirokoku-u.ac.jp/,255,102,0
K23006443,広島修道大学,ひろしましゅうどうだいがく,shudo-u,https://www.shudo-u.ac.jp/,0,91,171
K23006454,広島女学院大学,ひろしまじょがくいんだいがく,hju,https://www.hju.ac.jp/,,,
K23006465,広島文教大学,ひろしまぶんきょうだいがく,h-bunkyo,https://www.h-bunkyo.ac.jp/,,,
K23006476,福山大学,ふくやまだいがく,fukuyama-u,https://www.fukuyama-u.ac.jp/,,,
K23006487,福山平成大学,ふくやまへいせいだいがく,heisei-u,https://www.heisei-u.ac.jp/,,,
K23006498,安田女子大学,やすだじょしだいがく,yasuda-u,https://www.yasuda-u.ac.jp/,,,
K23006502,山口大学,やまぐちだいがく,yamaguchi-u,https://www.yamaguchi-u.ac.jp/,0,128,0
K23006513,下関市立大学,しものせきしりつだいがく,shimonoseki-cu,https://www.shimonoseki-cu.ac.jp/,0,91,171
K23006524,山口県立大学,やまぐちけんりつだいがく,yamaguchi-pu,https://www.yamaguchi-pu.ac.jp/,204,0,0
K23006535,東亜大学,とうあだいがく,toua-u,https://www.toua-u.ac.jp/,,,
K23006546,宇部フロンティア大学,うべふろんてぃあだいがく,frontier-u,https://www.frontier-u.jp/,,,
K23006557,周南公立大学,しゅうなんこうりつだいがく,shunan-u,https://www.shunan-u.ac.jp/,0,128,128
K23006568,梅光学院大学,ばいこうがくいんだいがく,baiko,https://www.baiko.ac.jp/,,,
K23006579,山口学芸大学,やまぐちがくげいだいがく,y-gakugei,https://www.y-gakugei.ac.jp/,,,
K23006580,至誠館大学,しせいかんだいがく,shiseikan,https://www.shiseikan.ac.jp/,,,
K23006591,山陽小野田市立山口東京理科大学,さんようおのだしりつやまぐちとうきょうりかだいがく,socu,https://www.socu.ac.jp/,255,153,0
K23006605,徳島大学,とくしまだいがく,tokushima-u,https://www.tokushima-u.ac.jp/,0,128,191
K23006616,鳴門教育大学,なるときょういくだいがく,naruto-u,https://www.naruto-u.ac.jp/,0,128,0
K23006627,四国大学,しこくだいがく,shikoku-u,https://www.shikoku-u.ac.jp/,,,
K23006638,徳島文理大学,とくしまぶんりだいがく,bunri-u,https://www.bunri-u.ac.jp/,,,
K23006649,香川大学,かがわだいがく,kagawa-u,https://www.kagawa-u.ac.jp/,131,174,80
K23006650,香川県立保健医療大学,かがわけんりつほけんいりょうだいがく,kagawa-puhs,https://www.kagawa-puhs.ac.jp/,85,181,76
K23006661,四国学院大学,しこくがくいんだいがく,sg-u,https://www.sg-u.ac.jp/,,,
K23006672,高松大学,たかまつだいがく,takamatsu-u,https://www.takamatsu-u.ac.jp/,,,
K23006683,愛媛大学,えひめだいがく,ehime-u,https://www.ehime-u.ac.jp/,255,153,0
K23006694,愛媛県立医療技術大学,えひめけんりついりょうぎじゅつだいがく,epu,https://www.epu.ac.jp/,,,
K23006708,聖カタリナ大学,せいかたりなだいがく,catherine,https://www.catherine.ac.jp/,,,
K23006719,松山大学,まつやまだいがく,matsuyama-u,https://www.matsuyama-u.ac.jp/,0,91,171
K23006720,松山東雲女子大学,まつやましののめじょしだいがく,shinonome,https://college.shinonome.ac.jp/,,,
K23006731,高知大学,こうちだいがく,kochi-u,https://www.kochi-u.ac.jp/,135,206,235
K23006742,高知県立大学,こうちけんりつだいがく,u-kochi,https://www.u-kochi.ac.jp/,128,0,0
K23006753,高知工科大学,こうちこうかだいがく,kochi-tech,https://www.kochi-tech.ac.jp/,,,
K23006764,九州大学,きゅうしゅうだいがく,kyushu-u,https://www.kyushu-u.ac.jp/,104,0,40
K23006775,九州工業大学,きゅうしゅうこうぎょうだいがく,kyutech,https://www.kyutech.ac.jp/,148,24,40
K23006786,福岡教育大学,ふくおかきょういくだいがく,fukuoka-edu,https://www.fukuoka-edu.ac.jp/,0,32,91
K23006797,北九州市立大学,きたきゅうしゅうしりつだいがく,kitakyu-u,https://www.kitakyu-u.ac.jp/,0,91,171
K23006801,九州歯科大学,きゅうしゅうしかだいがく,kyu-dent,https://www.kyu-dent.ac.jp/,0,128,64
K23006812,福岡県立大学,ふくおかけんりつだいがく,fukuoka-pu,https://www.fukuoka-pu.ac.jp/,,,
K23006823,福岡女子大学,ふくおかじょしだいがく,fwu,https://www.fwu.ac.jp/,128,0,0
K23006834,九州栄養福祉大学,きゅうしゅうえいようふくしだいがく,knwu,https://www.knwu.ac.jp/,,,
K23006845,九州共立大学,きゅうしゅうきょうりつだいがく,kyukyo-u,https://www.kyukyo-u.ac.jp/,,,
K23006856,九州国際大学,きゅうしゅうこくさいだいがく,kiu,https://www.kiu.ac.jp/,92,44,60
K23006867,九州産業大学,きゅうしゅうさんぎょうだいがく,kyusan-u,https://www.kyusan-u.ac.jp/,128,0,0
K23006878,九州情報大学,きゅうしゅうじょうほうだいがく,kiis,https://www.kiis.ac.jp/,,,
K23006889,九州女子大学,きゅうしゅうじょしだいがく,kwuc,https://www.kwuc.ac.jp/,,,
K23006890,久留米大学,くるめだいがく,kurume-u,https://www.kurume-u.ac.jp/,0,128,0
K23006904,久留米工業大学,くるめこうぎょうだいがく,kurume-it,https://www.kurume-it.ac.jp/,,,
K23006915,産業医科大学,さんぎょういかだいがく,uoeh-u,https://www.uoeh-u.ac.jp/,,,
K23006926,西南学院大学,せいなんがくいんだいがく,seinan-gu,https://www.seinan-gu.ac.jp/,97,156,72
K23006937,西南女学院大学,せいなんじょがくいんだいがく,seinan-jo,https://www.seinan-jo.ac.jp/lp/,,,
K23006948,聖マリア学院大学,せいまりあがくいんだいがく,st-mary,https://www.st-mary.ac.jp/,,,
K23006959,第一薬科大学,だいいちやっかだいがく,daiichi-cps,https://www.daiichi-cps.ac.jp/,,,
K23006960,筑紫女学園大学,ちくしじょがくえんだいがく,chikushi-u,https://www.chikushi-u.ac.jp/,,,
K23006982,中村学園大学,なかむらがくえんだいがく,nakamura-u,https://www.nakamura-u.ac.jp/,,,
K23006993,西日本工業大学,にしにっぽんこうぎょうだいがく,nishitech,https://www3.nishitech.ac.jp/,,,
K23007008,日本赤十字九州国際看護大学,にっぽんせきじゅうじきゅうしゅうこくさいかんごだいがく,jrckicn,https://www.jrckicn.ac.jp/,,,
K23007019,福岡大学,ふくおかだいがく,fukuoka-u,https://www.fukuoka-u.ac.jp/,128,0,0
K23007031,日本経済大学,にほんけいざいだいがく,jue,https://www.jue.ac.jp/,,,
K23007042,福岡工業大学,ふくおかこうぎょうだいがく,fit,https://www.fit.ac.jp/,,,
K23007064,福岡歯科大学,,,,,,
K23007075,福岡女学院大学,ふくおかじょがくいんだいがく,fukujo,https://www.fukujo.ac.jp/university/,,,
K23007086,福岡女学院看護大学,,,,,,
K23007101,サイバー大学,さいばーだいがく,cyber-u,https://www.cyber-u.ac.jp/,,,
K23007112,佐賀大学,さがだいがく,saga-u,https://www.saga-u.ac.jp/,0,101,184
K23007123,西九州大学,にしきゅうしゅうだいがく,nisikyu-u,https://www.nisikyu-u.ac.jp/,,,
K23007134,長崎大学,ながさきだいがく,nagasaki-u,https://www.nagasaki-u.ac.jp/,0,91,171
K23007145,長崎県立大学,ながさきけんりつだいがく,sun,https://sun.ac.jp/,0,128,255
K23007156,活水女子大学,かっすいじょしだいがく,kwassui,https://www.kwassui.ac.jp/,,,
K23007167,鎮西学院大学,ちんぜいがくいんだいがく,wesleyan,https://www.wesleyan.ac.jp/,,,
K23007178,長崎外国語大学,ながさきがいこくごだいがく,nagasaki-gaigo,https://www.nagasaki-gaigo.ac.jp/,,,
K23007189,長崎純心大学,ながさきじゅんしんだいがく,n-junshin,https://www.n-junshin.ac.jp/univ/,,,
K23007190,長崎国際大学,ながさきこくさいだいがく,niu,https://www1.niu.ac.jp/,,,
K23007204,長崎総合科学大学,ながさきそうごうかがくだいがく,nias,https://www.nias.ac.jp/,,,
K23007215,熊本大学,くまもとだいがく,kumamoto-u,https://www.kumamoto-u.ac.jp/,50,40,90
K23007226,熊本県立大学,くまもとけんりつだいがく,pu-kumamoto,https://www.pu-kumamoto.ac.jp/,0,0,0
K23007237,九州看護福祉大学,きゅうしゅうかんごふくしだいがく,kyushu-ns,https://www.kyushu-ns.ac.jp/,,,
K23007259,九州ルーテル学院大学,きゅうしゅうるーてるがくいんだいがく,klc,https://www.klc.ac.jp/,,,
K23007260,熊本学園大学,くまもとがくえんだいがく,kumagaku,https://www.kumagaku.ac.jp/index.html,,,
K23007271,熊本保健科学大学,くまもとほけんかがくだいがく,kumamoto-hsu,https://www.kumamoto-hsu.ac.jp/,,,
K23007282,尚絅大学,しょうけいだいがく,shokei-gakuen,https://www.shokei-gakuen.ac.jp/univ/,,,
K23007293,崇城大学,そうじょうだいがく,sojo-u,https://www.sojo-u.ac.jp/,,,
K23007307,平成音楽大学,へいせいおんがくだいがく,heisei-music,https://www.heisei-music.ac.jp/,,,
K23007318,大分大学,おおいただいがく,oita-u,https://www.oita-u.ac.jp/,0,0,204
K23007329,大分県立看護科学大学,おおいたけんりつかんごかがくだいがく,oita-nhs,https://www.oita-nhs.ac.jp/,,,
K23007330,日本文理大学,にっぽんぶんりだいがく,nbu,https://www.nbu.ac.jp/,,,
K23007341,別府大学,べっぷだいがく,beppu-u,https://www.beppu-u.ac.jp/,,,
K23007352,立命館アジア太平洋大学,りつめいかんあじあたいへいようだいがく,apu,https://www.apu.ac.jp/,,,
K23007363,宮崎大学,みやざきだいがく,miyazaki-u,https://www.miyazaki-u.ac.jp/,0,128,128
K23007374,宮崎公立大学,みやざきこうりつだいがく,miyazaki-mu,https://www.miyazaki-mu.ac.jp/,204,0,0
K23007385,宮崎県立看護大学,みやざきけんりつかんごだいがく,mpu,https://www.mpu.ac.jp/,,,
K23007396,九州保健福祉大学,きゅうしゅうほけんふくしだいがく,phoenix,https://www.phoenix.ac.jp/,,,
K23007400,南九州大学,みなみきゅうしゅうだいがく,nankyudai,https://www.nankyudai.ac.jp/,,,
K23007411,宮崎国際大学,みやざきこくさいだいがく,miu,https://www.miu.ac.jp/,,,
K23007422,宮崎産業経営大学,みやざきさんぎょうけいえいだいがく,miyasankei-u,https://www.miyasankei-u.ac.jp/,,,
K23007433,鹿児島大学,かごしまだいがく,kagoshima-u,https://www.kagoshima-u.ac.jp/,0,110,105
K23007444,鹿屋体育大学,かのやたいいくだいがく,nifs-k,https://www.nifs-k.ac.jp/,0,70,120
K23007455,鹿児島国際大学,かごしまこくさいだいがく,iuk,https://www.iuk.ac.jp/,,,
K23007466,鹿児島純心女子大学,かごしまじゅんしんじょしだいがく,k-junshin,https://www.k-junshin.ac.jp/,,,
K23007477,志學館大学,しがくかんだいがく,shigakukan,https://www.shigakukan.ac.jp/,,,
K23007488,第一工科大学,だいいちこうかだいがく,daiichi-koudai,https://www.daiichi-koudai.ac.jp/,,,
K23007499,琉球大学,りゅうきゅうだいがく,u-ryukyu,https://www.u-ryukyu.ac.jp/,,,
K23007503,沖縄県立看護大学,おきなわけんりつかんごだいがく,okinawa-nurs,https://www.okinawa-nurs.ac.jp/,,,
K23007514,沖縄県立芸術大学,おきなわけんりつげいじゅつだいがく,okigei,https://www.okigei.ac.jp/,,,
K23007525,沖縄大学,おきなわだいがく,okinawa-u,https://www.okinawa-u.ac.jp/,0,0,204
K23007536,沖縄キリスト教学院大学,おきなわきりすときょうがくいんだいがく,ocjc,https://www.ocjc.ac.jp/,,,
K23007547,沖縄国際大学,おきなわこくさいだいがく,okiu,https://www.okiu.ac.jp/,204,0,0
K23007558,名桜大学,めいおうだいがく,meio-u,https://www.meio-u.ac.jp/,,,
K23007569,弘前医療福祉大学,ひろさきいりょうふくしだいがく,hirosakiuhw,https://www.hirosakiuhw.jp/,,,
K23007570,千葉県立保健医療大学,,,,,,
K23007581,放送大学,,,,0,102,204
K23007592,こども教育宝仙大学,こどもきょういくほうせんだいがく,hosen,https://www.hosen.ac.jp/,,,
K23007606,東京有明医療大学,とうきょうありあけいりょうだいがく,tau,https://www.tau.ac.jp/,,,
K23007617,東京都市大学,とうきょうとしだいがく,tcu,https://www.tcu.ac.jp/,0,91,171
K23007628,新潟県立大学,にいがたけんりつだいがく,unii,https://www.unii.ac.jp/,154,205,50
K23007639,びわこ学院大学,びわこがくいんだいがく,biwakogakuin,https://www.biwakogakuin.ac.jp/,,,
K23007640,大阪保健医療大学,おおさかほけんいりょうだいがく,ohsu,https://ohsu.ac.jp/,,,
K23007651,広島都市学園大学,ひろしまとしがくえんだいがく,hcu,https://www.hcu.ac.jp/,,,
K23007662,日本赤十字秋田看護大学,にほんせきじゅうじとうほくかんごだいがく,rctohoku,https://www.rctohoku.ac.jp/,,,
K23007673,東都大学,とうとだいがく,tohto,https://www.tohto.ac.jp/,,,
K23007684,ヤマザキ動物看護大学,やまざきどうぶつかんごだいがく,yamazaki,https://univ.yamazaki.ac.jp/univ/,,,
K23007695,新見公立大学,にいみこうりつだいがく,niimi-u,https://www.niimi-u.ac.jp/,0,91,171
K23007709,日本映画大学,にほんえいがだいがく,eiga,https://www.eiga.ac.jp/,,,
K23007710,京都華頂大学,きょうとかちょうだいがく,kyotokacho-u,https://www.kyotokacho-u.ac.jp/,,,
K23007721,大阪物療大学,おおさかぶつりょうだいがく,butsuryo,https://www.butsuryo.ac.jp/,,,
K23007732,滋慶医療科学大学院大学,じけいいりょうかがくだいがくいんだいがく,juhs,https://graduate.juhs.ac.jp/,,,
K23007743,宝塚医療大学,たからづかいりょうだいがく,tumh,https://www.tumh.ac.jp/,,,
K23007754,福山市立大学,ふくやましりつだいがく,fcu,https://www.fcu.ac.jp/,,,
K23007765,純真学園大学,じゅんしんがくえんだいがく,junshin-u,https://www.junshin-u.ac.jp/,,,
K23007787,亀田医療大学,かめだいりょうだいがく,kameda,https://www.kameda.ac.jp/,,,
K23007798,事業構想大学院大学,じぎょうこうそうだいがくいんだいがく,mpd,https://www.mpd.ac.jp/,,,
K23007802,東京医療学院大学,とうきょういりょうがくいんだいがく,u-ths,https://www.u-ths.ac.jp/,,,
K23007813,横浜創英大学,よこはまそうえいだいがく,soei,https://www.soei.ac.jp/,,,
K23007824,京都美術工芸大学,きょうとびじゅつこうげいだいがく,kyobi,https://www.kyobi.ac.jp/,,,
K23007835,大阪行岡医療大学,おおさかゆきおかいりょうだいがく,yukioka-u,https://www.yukioka-u.ac.jp/,,,
K23007857,沖縄科学技術大学院大学,おきなわかがくぎじゅつだいがくいんだいがく,oist,https://www.oist.jp/ja,,,
K23007860,湘南医療大学,しょうなんいりょうだいがく,sums,https://sums.ac.jp/,,,
K23007862,長野保健医療大学,ながのほけんいりょうだいがく,shitoku,https://shitoku.ac.jp/,,,
K23007865,鳥取看護大学,とっとりかんごだいがく,tcn,https://www.tcn.ac.jp/,,,
K23014979,京都光華女子大学,きょうとこうかじょしだいがく,koka,https://www.koka.ac.jp/,,,
K23020551,北海道千歳リハビリテーション大学,ほっかいどうちとせりはびりてーしょんだいがく,chitose-reha,https://www.chitose-reha.ac.jp/,,,
K23020552,福岡看護大学,ふくおかかんごだいがく,fdcnet,https://n.fdcnet.ac.jp/,,,
K23020553,社会構想大学院大学,しゃかいこうそうだいがくいんだいがく,socialdesign,https://www.socialdesign.ac.jp/,,,
K23020575,岩手保健医療大学,いわてほけんいりょうだいがく,iwate-uhms,https://www.iwate-uhms.ac.jp/,,,
K23020576,福井医療大学,ふくいいりょうだいがく,fukui-hsu,https://www.fukui-hsu.ac.jp/,,,
K23020577,一宮研伸大学,いちのみやけんしんだいがく,ikc,https://www.ikc.ac.jp/,,,
K23031082,育英大学,いくえいだいがく,ikuei-g,https://www.ikuei-g.ac.jp/university/,,,
K23031130,大学院大学至善館,だいがくいんだいがくしぜんかん,shizenkan,https://shizenkan.ac.jp/,,,
K23032150,東京通信大学,とうきょうつうしんだいがく,internet,https://www.internet.ac.jp/,,,
K23032274,新潟食料農業大学,にいがたしょくりょうのうぎょうだいがく,nafu,https://nafu.ac.jp/,,,
K23032716,公立小松大学,こうりつこまつだいがく,komatsu-u,https://www.komatsu-u.ac.jp/,,,
K23033564,長野県立大学,ながのけんりつだいがく,u-nagano,https://www.u-nagano.ac.jp/,,,
K23040000,福岡国際医療福祉大学,ふくおかこくさいいりょうふくしだいがく,takagigakuen,https://fiuhw.takagigakuen.ac.jp/,,,
K23040001,長岡崇徳大学,ながおかすとくだいがく,sutoku-u,https://sutoku-u.ac.jp/,,,
K23040002,岐阜保健大学,ぎふほけんだいがく,gifuhoken,https://www.gifuhoken.ac.jp/,,,
K23040003,和歌山信愛大学,わかやましんあいだいがく,wsu,https://www.wsu.ac.jp/,,,
K23040005,国際ファッション専門職大学,こくさいふぁっしょんせんもんしょくだいがく,piif,https://www.piif.ac.jp/,,,
K23040010,高知リハビリテーション専門職大学,こうちりはびりてえしょんせんもんしょくだいがく,kpur,https://kpur.ac.jp/,,,
K23040013,大阪医科薬科大学,おおさかいかやっかだいがく,ompu,https://www.ompu.ac.jp/,0,0,204
K23040016,かなざわ食マネジメント専門職大学,かなざわしょくまねじめんとせんもんしょくだいがく,kanazawa-pu,https://kanazawa-pu.ac.jp/,,,
K23040019,びわこリハビリテーション専門職大学,,,,,,
K23040022,叡啓大学,えいけいだいがく,eikei,https://eikei.ac.jp/,,,
K23040025,岡山医療専門職大学,おかやまいりょうせんもんしょくだいがく,opu,https://opu.ac.jp/,,,
K23040028,開志専門職大学,かいしせんもんしょくだいがく,kaishi-pu,https://kaishi-pu.ac.jp/,,,
K23040031,芸術文化観光専門職大学,げいじゅつぶんかかんこうせんもんしょくだいがく,at-hyogo,https://www.at-hyogo.jp/,,,
K23040034,高知学園大学,こうちがくえんだいがく,kochi-gc,https://www.kochi-gc.ac.jp/,,,
K23040037,三条市立大学,さんじょうしりつだいがく,sanjo-u,https://www.sanjo-u.ac.jp/,,,
K23040040,滋慶医療科学大学,,,,,,
K23040043,松本看護大学,まつもとかんごだいがく,mcon,https://www.mcon.ac.jp/,,,
K23040046,情報経営イノベーション専門職大学,じょうほうけいえいいのべーしょんせんもんしょくだいがく,i-u,https://www.i-u.ac.jp/,,,
K23040049,静岡県立農林環境専門職大学,しずおかけんりつのうりんかんきょうせんもんしょくだいがく,shizuoka-norin-u,https://shizuoka-norin-u.ac.jp/,,,
K23040052,大阪国際工科専門職大学,,,,,,
K23040055,大阪信愛学院大学,おおさかしんあいがくいんだいがく,osgu,https://www.osgu.ac.jp/,,,
K23040058,東京国際工科専門職大学,とうきょうこくさいこうかせんもんしょくだいがく,iput,https://www.iput.ac.jp/tokyo/,,,
K23040061,東京保健医療専門職大学,とうきょうほけんいりょうせんもんしょくだいがく,tpu,https://www.tpu.ac.jp/,,,
K23040064,名古屋国際工科専門職大学,,,,,,
K23040067,名古屋柳城女子大学,なごやりゅうじょうじょしだいがく,ryujo-u,https://www.ryujo-u.ac.jp/,,,
K23040070,和歌山リハビリテーション専門職大学,わかやまりはびりてーしょんせんもんしょくだいがく,wakayama-kyowa,https://wakayama.kyowa.ac.jp/,,,
K23040073,川崎市立看護大学,かわさきしりつかんごだいがく,kawasaki-cn,https://www.kawasaki-cn.ac.jp/,,,
K23040076,大阪公立大学,おおさかこうりつだいがく,omu,https://www.omu.ac.jp/,212,175,55
K23040079,令和健康科学大学,れいわけんこうかがくだいがく,rhs-u,https://www.rhs-u.ac.jp/,,,
K23040082,アール医療専門職大学,あーるいりょうせんもんしょくだいがく,a-ru,https://a-ru.ac.jp/,,,
K23040085,電動モビリティシステム専門職大学,でんどうもびりてぃしすてむせんもんしょくだいがく,mobility-ac,https://www.mobility-ac.com/,,,
K23040088,東京情報デザイン専門職大学,とうきょうじょうほうでざいんせんもんしょくだいがく,tid,https://www.tid.ac.jp/,,,
K23040091,グローバルＢｉｚ専門職大学,ぐろーばるびずせんもんしょくだいがく,gpu,https://gpu.ac.jp/,,,
K23040094,ビューティ＆ウェルネス専門職大学,びゅうてぃあんどうぇるねすせんもんしょくだいがく,b-w,https://www.b-w.ac.jp/,,,